Name,Team,Pos,Age,G,GS,Rush_Att,Rush_Yds,Rush_TD,Rush_Y/A,Rec_Rec,Rec_Yds,Rec_TD,Rec_Y/R,Fmb,FmbLost,Year,games_played_pct,games_started_pct,ProBowl,AllPro,Touches,Rush_Att_per_game,Rush_Yds_per_game,Rush_TD_per_game,Rec_Rec_per_game,Rec_Yds_per_game,Rec_TD_per_game,Fmb_per_game,FmbLost_per_game,Touches_per_game,Points_half-ppr,PPG_half-ppr,player_display_name,season,week,efficiency,percent_attempts_gte_eight_defenders,avg_time_to_los,rush_attempts,rush_yards,avg_rush_yards,rush_touchdowns,player_jersey_number,expected_rush_yards,rush_yards_over_expected,rush_yards_over_expected_per_att,rush_pct_over_expected,next_year_Rush_Yds,next_year_Rec_Yds,next_year_Points_half-ppr,next_year_PPG_half-ppr
Aaron Jones,MIN,RB,23.0,12.0,4.0,81.0,448.0,4.0,5.530864197530864,9.0,22.0,0.0,2.4444444444444446,0.0,0.0,2017,0.75,0.3333333333333333,0.0,0.0,90.0,6.75,37.333333333333336,0.3333333333333333,0.75,1.8333333333333333,0.0,0.0,0.0,7.5,75.50000000000001,6.291666666666668,Aaron Jones,2017.0,5.5,3.84882378890413,18.99261728983091,2.8063973290598287,15.5,86.5,5.301976661109788,0.75,33.0,,,,,728.0,206.0,158.4,13.2
Aaron Jones,MIN,RB,24.0,12.0,8.0,133.0,728.0,8.0,5.473684210526316,26.0,206.0,1.0,7.923076923076923,1.0,1.0,2018,0.75,0.6666666666666666,0.0,0.0,159.0,11.083333333333334,60.66666666666666,0.6666666666666666,2.1666666666666665,17.166666666666668,0.0833333333333333,0.0833333333333333,0.0833333333333333,13.25,158.4,13.2,Aaron Jones,2018.0,9.0,3.6778828556219096,15.16926600517932,2.668296644096644,26.77777777777778,147.22222222222223,5.478430181216559,1.7777777777777777,33.0,125.77473443357566,18.336376677535466,0.7043979584990248,0.4423996482820012,1084.0,474.0,290.3,18.14375
Aaron Jones,MIN,RB,25.0,16.0,16.0,236.0,1084.0,16.0,4.593220338983051,49.0,474.0,3.0,9.673469387755102,3.0,2.0,2019,1.0,1.0,0.0,0.0,285.0,14.75,67.75,1.0,3.0625,29.625,0.1875,0.1875,0.125,17.8125,290.3,18.14375,Aaron Jones,2019.0,8.3125,5.027323868143891,20.6546689827855,2.756946371761639,29.0,133.625,4.380244879132651,2.0,33.0,120.66609466028105,10.583905339718951,0.2189704654769067,0.3873610319330428,1104.0,355.0,235.4,16.814285714285713
Aaron Jones,MIN,RB,26.0,14.0,14.0,201.0,1104.0,9.0,5.492537313432836,47.0,355.0,2.0,7.553191489361702,2.0,0.0,2020,0.875,1.0,1.0,0.0,248.0,14.357142857142858,78.85714285714286,0.6428571428571429,3.357142857142857,25.357142857142858,0.1428571428571428,0.1428571428571428,0.0,17.714285714285715,235.4,16.814285714285713,Aaron Jones,2020.0,8.866666666666667,4.084914573690042,19.35912034507293,2.724827604256482,26.8,147.2,5.335386554475667,1.2,33.0,128.82872792053556,17.037938746131104,0.5827627287418217,0.3970221918317893,799.0,391.0,203.0,13.533333333333331
Aaron Jones,MIN,RB,27.0,15.0,15.0,171.0,799.0,4.0,4.6725146198830405,52.0,391.0,6.0,7.519230769230769,2.0,1.0,2021,0.8823529411764706,1.0,0.0,0.0,223.0,11.4,53.266666666666666,0.2666666666666666,3.466666666666667,26.066666666666663,0.4,0.1333333333333333,0.0666666666666666,14.866666666666667,203.0,13.533333333333331,Aaron Jones,2021.0,7.272727272727272,4.079514778909868,14.666473877000191,2.689006766465857,28.27272727272728,130.36363636363637,4.54039233899915,0.6363636363636364,33.0,122.6446897738308,7.355310226169198,0.2376292643407353,0.3959222923619208,1121.0,395.0,217.1,12.770588235294118
Aaron Jones,MIN,RB,28.0,17.0,17.0,213.0,1121.0,2.0,5.262910798122066,59.0,395.0,5.0,6.694915254237288,5.0,3.0,2022,1.0,1.0,0.0,0.0,272.0,12.529411764705882,65.94117647058823,0.1176470588235294,3.4705882352941178,23.23529411764705,0.2941176470588235,0.2941176470588235,0.1764705882352941,16.0,217.1,12.770588235294118,Aaron Jones,2022.0,8.75,3.992051183638503,7.459672565306367,2.852543239028272,31.666666666666668,172.91666666666666,5.485285032214403,0.3333333333333333,33.0,147.21979207255322,16.530207927446774,0.5472476563882602,0.4235474637151466,656.0,233.0,119.9,10.9
Aaron Jones,MIN,RB,29.0,11.0,11.0,142.0,656.0,2.0,4.619718309859155,30.0,233.0,1.0,7.766666666666667,2.0,1.0,2023,0.6470588235294118,1.0,0.0,0.0,172.0,12.909090909090908,59.63636363636363,0.1818181818181818,2.727272727272727,21.181818181818183,0.0909090909090909,0.1818181818181818,0.0909090909090909,15.636363636363637,119.9,10.9,Aaron Jones,2023.0,12.142857142857142,3.918485758718468,24.606490089387474,2.624150703876276,35.857142857142854,167.85714285714286,4.590288953166216,0.4285714285714285,33.0,152.7205699612235,5.422287181633644,0.0508279365070349,0.3605695269560815,1138.0,408.0,216.1,12.711764705882354
Alexander Mattison,MIA,RB,21.0,13.0,0.0,100.0,462.0,1.0,4.62,10.0,82.0,0.0,8.2,1.0,1.0,2019,0.8125,0.0,0.0,0.0,110.0,7.6923076923076925,35.53846153846154,0.0769230769230769,0.7692307692307693,6.307692307692308,0.0,0.0769230769230769,0.0769230769230769,8.461538461538462,63.400000000000006,4.876923076923077,Alexander Mattison,2019.0,6.2,4.165529072664718,39.126007326007326,2.6586176392572947,30.6,138.0,4.386271062271062,0.4,25.0,126.4833949406739,9.3166050593261,0.2609794610459496,0.4148030663494581,434.0,125.0,80.4,6.184615384615385
Alexander Mattison,MIA,RB,22.0,13.0,2.0,96.0,434.0,2.0,4.520833333333333,13.0,125.0,1.0,9.615384615384617,0.0,0.0,2020,0.8125,0.1538461538461538,0.0,0.0,109.0,7.384615384615385,33.38461538461539,0.1538461538461538,1.0,9.615384615384617,0.0769230769230769,0.0,0.0,8.384615384615385,80.4,6.184615384615385,Alexander Mattison,2020.0,7.4,3.886055508369856,37.25,2.7887464354066984,31.8,147.2,4.598928571428571,0.6,25.0,123.87992274701088,22.120077252989137,0.8076961402290689,0.4718375726550419,491.0,228.0,109.9,6.86875
Alexander Mattison,MIA,RB,23.0,16.0,4.0,134.0,491.0,3.0,3.664179104477612,32.0,228.0,1.0,7.125,1.0,1.0,2021,0.9411764705882352,0.25,0.0,0.0,166.0,8.375,30.6875,0.1875,2.0,14.25,0.0625,0.0625,0.0625,10.375,109.9,6.86875,Alexander Mattison,2021.0,6.833333333333333,4.978308655182793,27.63330202136172,2.752493728140974,38.333333333333336,144.5,3.6227711094875272,0.8333333333333334,25.0,162.00413229923916,-17.170798965905817,-0.6929360732713136,0.3281368485315853,283.0,91.0,80.89999999999999,4.758823529411764
Alexander Mattison,MIA,RB,24.0,17.0,0.0,74.0,283.0,5.0,3.824324324324324,15.0,91.0,1.0,6.066666666666666,0.0,0.0,2022,1.0,0.0,0.0,0.0,89.0,4.352941176470588,16.647058823529413,0.2941176470588235,0.8823529411764706,5.352941176470588,0.0588235294117647,0.0,0.0,5.235294117647059,80.89999999999999,4.758823529411764,Alexander Mattison,2022.0,18.0,2.928518518518519,40.0,2.457666666666667,10.0,54.0,5.4,2.0,2.0,49.042090805795546,4.957909194204454,0.4957909194204454,0.5,700.0,192.0,118.2,7.3875
Alexander Mattison,MIA,RB,25.0,16.0,13.0,180.0,700.0,0.0,3.888888888888889,30.0,192.0,3.0,6.4,3.0,2.0,2023,0.9411764705882352,0.8125,0.0,0.0,210.0,11.25,43.75,0.0,1.875,12.0,0.1875,0.1875,0.125,13.125,118.2,7.3875,Alexander Mattison,2023.0,6.8,4.301451548758041,24.20268865121806,2.8395785024547453,31.6,124.0,4.064997771836007,0.0,2.0,131.1848843937293,-7.384884393729299,-0.117305949622354,0.3996276684027259,420.0,294.0,117.4,8.385714285714286
Alvin Kamara,NO,RB,22.0,16.0,3.0,120.0,728.0,8.0,6.066666666666666,81.0,826.0,5.0,10.197530864197532,1.0,1.0,2017,1.0,0.1875,1.0,0.0,201.0,7.5,45.5,0.5,5.0625,51.625,0.3125,0.0625,0.0625,12.5625,271.9,16.99375,Alvin Kamara,2017.0,9.333333333333334,3.934745538709503,17.499999999999996,2.860201785714286,29.33333333333333,175.5,5.922222222222222,1.6666666666666667,41.0,,,,,883.0,709.0,307.70000000000005,20.51333333333333
Alvin Kamara,NO,RB,23.0,15.0,13.0,194.0,883.0,14.0,4.551546391752577,81.0,709.0,4.0,8.753086419753087,1.0,0.0,2018,0.9375,0.8666666666666667,1.0,0.0,275.0,12.933333333333334,58.86666666666667,0.9333333333333332,5.4,47.266666666666666,0.2666666666666666,0.0666666666666666,0.0,18.33333333333333,307.70000000000005,20.51333333333333,Alvin Kamara,2018.0,8.307692307692308,4.207673521997633,22.268294965064936,2.6790653035752587,28.23076923076923,130.0,4.58488175927128,1.8461538461538465,41.0,140.61917012071095,-12.465323966864776,-0.5918501756326615,0.3463945419894791,797.0,533.0,208.02,14.858571428571429
Alvin Kamara,NO,RB,24.0,14.0,9.0,171.0,797.0,5.0,4.6608187134502925,81.0,533.0,1.0,6.580246913580247,4.0,1.0,2019,0.875,0.6428571428571429,1.0,0.0,253.0,12.214285714285714,56.92857142857143,0.3571428571428571,5.785714285714286,38.07142857142857,0.0714285714285714,0.2857142857142857,0.0714285714285714,18.071428571428573,208.02,14.858571428571429,Alvin Kamara,2019.0,7.846153846153846,4.120010053656767,16.557355249603404,2.755820432365147,25.384615384615383,117.76923076923076,4.675559009075918,0.6153846153846154,41.0,111.4594254710434,4.155959144341207,0.2288079520792455,0.3554295730374741,932.0,756.0,336.3,22.42
Alvin Kamara,NO,RB,25.0,15.0,10.0,187.0,932.0,16.0,4.983957219251337,83.0,756.0,5.0,9.10843373493976,1.0,0.0,2020,0.9375,0.6666666666666666,1.0,0.0,270.0,12.466666666666669,62.13333333333333,1.0666666666666669,5.533333333333333,50.4,0.3333333333333333,0.0666666666666666,0.0,18.0,336.3,22.42,Alvin Kamara,2020.0,8.307692307692308,4.2383443457225365,9.622420526207142,2.742200536031637,27.0,134.69230769230768,4.854057274788401,2.230769230769231,41.0,121.88236512389274,10.656096414568792,0.1905598039952958,0.3773813686769152,898.0,439.0,211.2,16.24615384615385
Alvin Kamara,NO,RB,26.0,13.0,10.0,240.0,898.0,4.0,3.741666666666666,47.0,439.0,5.0,9.340425531914894,0.0,0.0,2021,0.7647058823529411,0.7692307692307693,1.0,0.0,287.0,18.46153846153846,69.07692307692308,0.3076923076923077,3.615384615384616,33.76923076923077,0.3846153846153846,0.0,0.0,22.07692307692308,211.2,16.24615384615385,Alvin Kamara,2021.0,9.0,4.893967947184305,34.89428044589988,2.788499705186766,36.30769230769231,137.76923076923077,3.666813691257011,0.6153846153846154,41.0,156.20803505269967,-20.438804283468908,-0.7488965599502438,0.2921140676860429,897.0,490.0,183.2,12.213333333333331
Alvin Kamara,NO,RB,27.0,15.0,13.0,223.0,897.0,2.0,4.022421524663677,57.0,490.0,2.0,8.596491228070175,4.0,4.0,2022,0.8823529411764706,0.8666666666666667,0.0,0.0,280.0,14.866666666666667,59.8,0.1333333333333333,3.8,32.666666666666664,0.1333333333333333,0.2666666666666666,0.2666666666666666,18.666666666666668,183.2,12.213333333333331,Alvin Kamara,2022.0,9.916666666666666,4.009595709405342,23.655212072416617,2.766933831106756,34.416666666666664,140.5,4.057628265726534,0.3333333333333333,41.0,143.08014391803724,-2.5801439180372427,-0.0452424770231853,0.4068213720075617,694.0,466.0,189.5,14.576923076923077
Alvin Kamara,NO,RB,28.0,13.0,12.0,180.0,694.0,5.0,3.855555555555556,75.0,466.0,1.0,6.213333333333333,0.0,0.0,2023,0.7647058823529411,0.9230769230769232,0.0,0.0,255.0,13.846153846153848,53.38461538461539,0.3846153846153846,5.769230769230769,35.84615384615385,0.0769230769230769,0.0,0.0,19.615384615384617,189.5,14.576923076923077,Alvin Kamara,2023.0,9.181818181818182,4.010290823320653,22.01709101793537,2.622093846554406,30.27272727272728,118.27272727272728,4.032672824095566,0.9090909090909092,41.0,129.81592370673505,-13.179560070371396,-0.2734167080271316,0.3590476429471644,950.0,543.0,231.3,16.521428571428572
Antonio Gibson,NE,RB,22.0,14.0,10.0,170.0,795.0,11.0,4.676470588235294,36.0,247.0,0.0,6.861111111111111,1.0,2.0,2020,0.875,0.7142857142857143,0.0,0.0,206.0,12.142857142857142,56.785714285714285,0.7857142857142857,2.571428571428572,17.642857142857142,0.0,0.0714285714285714,0.1428571428571428,14.714285714285714,184.2,13.157142857142857,Antonio Gibson,2020.0,8.4,4.045278199778423,10.307186234817816,2.778718673884124,30.5,144.1,4.643415369460262,2.0,24.0,138.18155827912452,5.918441720875487,0.0398378027846159,0.3708323693850009,1037.0,294.0,206.1,12.88125
Antonio Gibson,NE,RB,23.0,16.0,14.0,258.0,1037.0,7.0,4.01937984496124,42.0,294.0,3.0,7.0,6.0,4.0,2021,0.9411764705882352,0.875,0.0,0.0,300.0,16.125,64.8125,0.4375,2.625,18.375,0.1875,0.375,0.25,18.75,206.1,12.88125,Antonio Gibson,2021.0,8.066666666666666,4.32053332094824,16.724227266794415,2.6816830696773355,33.46666666666667,134.06666666666666,3.9706211163095513,0.9333333333333332,24.0,133.20064569191908,0.8660209747475771,-0.061241161536551,0.3795664392125922,546.0,353.0,142.9,9.526666666666667
Antonio Gibson,NE,RB,24.0,15.0,6.0,149.0,546.0,3.0,3.664429530201342,46.0,353.0,2.0,7.673913043478261,1.0,0.0,2022,0.8823529411764706,0.4,0.0,0.0,195.0,9.933333333333334,36.4,0.2,3.066666666666667,23.53333333333333,0.1333333333333333,0.0666666666666666,0.0,13.0,142.9,9.526666666666667,Antonio Gibson,2022.0,5.222222222222222,4.541466915261148,22.13606469758595,2.73859416313534,28.33333333333333,103.33333333333331,3.6731965027267046,0.6666666666666666,24.0,106.7202322664698,-4.275787822025347,-0.0631689781433829,0.409917471262009,265.0,389.0,103.4,6.4625
Antonio Gibson,NE,RB,25.0,16.0,2.0,65.0,265.0,1.0,4.076923076923077,48.0,389.0,2.0,8.104166666666666,4.0,2.0,2023,0.9411764705882352,0.125,0.0,0.0,113.0,4.0625,16.5625,0.0625,3.0,24.3125,0.125,0.25,0.125,7.0625,103.4,6.4625,Antonio Gibson,2023.0,13.0,4.344285714285714,0.0,3.0967,10.0,35.0,3.5,0.0,24.0,32.431867304218244,2.568132695781756,0.2568132695781756,0.4,538.0,206.0,91.9,5.405882352941177
Austin Ekeler,WAS,RB,22.0,16.0,0.0,47.0,260.0,2.0,5.531914893617022,27.0,279.0,3.0,10.333333333333334,2.0,2.0,2017,1.0,0.0,0.0,0.0,74.0,2.9375,16.25,0.125,1.6875,17.4375,0.1875,0.125,0.125,4.625,93.4,5.8375,Austin Ekeler,2017.0,10.0,3.6282608695652168,30.0,2.427888888888889,10.0,46.0,4.6,0.0,30.0,,,,,554.0,404.0,149.3,10.664285714285716
Austin Ekeler,WAS,RB,23.0,14.0,3.0,106.0,554.0,3.0,5.226415094339623,39.0,404.0,3.0,10.35897435897436,1.0,1.0,2018,0.875,0.2142857142857142,0.0,0.0,145.0,7.571428571428571,39.57142857142857,0.2142857142857142,2.7857142857142856,28.857142857142858,0.2142857142857142,0.0714285714285714,0.0714285714285714,10.357142857142858,149.3,10.664285714285716,Austin Ekeler,2018.0,7.2,5.041311094441058,21.65338435149756,2.9512511440940017,31.4,152.0,4.348359941944848,0.8,30.0,162.28230212202936,-12.082302122029358,-1.0858098695485023,0.2770498110303935,557.0,993.0,263.0,16.4375
Austin Ekeler,WAS,RB,24.0,16.0,8.0,132.0,557.0,3.0,4.21969696969697,92.0,993.0,8.0,10.793478260869565,3.0,2.0,2019,1.0,0.5,0.0,0.0,224.0,8.25,34.8125,0.1875,5.75,62.0625,0.5,0.1875,0.125,14.0,263.0,16.4375,Austin Ekeler,2019.0,3.2,4.1235901068060485,14.343434343434344,3.022345886809269,38.2,162.2,4.420409982174688,1.2,30.0,169.47163977964743,-16.47163977964744,-0.0660633710883309,0.3747606019151847,530.0,403.0,138.3,13.830000000000002
Austin Ekeler,WAS,RB,25.0,10.0,10.0,116.0,530.0,1.0,4.568965517241379,54.0,403.0,2.0,7.462962962962963,1.0,0.0,2020,0.625,1.0,0.0,0.0,170.0,11.6,53.0,0.1,5.4,40.3,0.2,0.1,0.0,17.0,138.3,13.830000000000002,Austin Ekeler,2020.0,7.875,3.980013885881475,10.194887916076665,2.8691361110194835,26.875,124.25,4.655511655049427,0.25,30.0,118.82904899843486,5.1709510015651405,0.37642331859475,0.3950286746053336,911.0,647.0,304.8,19.05
Austin Ekeler,WAS,RB,26.0,16.0,16.0,206.0,911.0,12.0,4.422330097087379,70.0,647.0,8.0,9.242857142857142,4.0,3.0,2021,0.9411764705882352,1.0,0.0,0.0,276.0,12.875,56.9375,0.75,4.375,40.4375,0.5,0.25,0.1875,17.25,304.8,19.05,Austin Ekeler,2021.0,9.333333333333334,3.791187043583163,22.80021393670737,2.680178998005778,26.466666666666665,117.4,4.496552759379715,1.6,30.0,118.53567049767668,-1.802337164343348,-0.0605872551527657,0.3869030746075222,915.0,722.0,319.2,18.77647058823529
Austin Ekeler,WAS,RB,27.0,17.0,17.0,204.0,915.0,13.0,4.485294117647059,107.0,722.0,5.0,6.747663551401869,5.0,3.0,2022,1.0,1.0,0.0,0.0,311.0,12.0,53.8235294117647,0.7647058823529411,6.294117647058823,42.47058823529412,0.2941176470588235,0.2941176470588235,0.1764705882352941,18.294117647058822,319.2,18.77647058823529,Austin Ekeler,2022.0,9.357142857142858,4.218071799083616,17.71700985019207,2.739774366303986,27.428571428571427,125.0,4.708127051274443,1.7857142857142858,30.0,109.37460295328812,13.482539903854727,0.6122922048539713,0.4000728745108731,628.0,436.0,159.9,11.421428571428573
Austin Ekeler,WAS,RB,28.0,14.0,14.0,179.0,628.0,5.0,3.5083798882681565,51.0,436.0,1.0,8.549019607843137,5.0,4.0,2023,0.8235294117647058,1.0,0.0,0.0,230.0,12.785714285714286,44.85714285714285,0.3571428571428571,3.642857142857143,31.142857142857142,0.0714285714285714,0.3571428571428571,0.2857142857142857,16.428571428571427,159.9,11.421428571428573,Austin Ekeler,2023.0,10.142857142857142,5.200478732802823,14.515198226396612,2.6297455950098256,25.214285714285715,89.07142857142857,3.552717012041738,0.7142857142857143,30.0,91.5614003125106,-6.3471145982249055,-0.2410184866442513,0.351815014930696,367.0,366.0,114.8,9.566666666666668
Bijan Robinson,ATL,RB,21.0,17.0,16.0,214.0,976.0,4.0,4.5607476635514015,58.0,487.0,4.0,8.39655172413793,4.0,3.0,2023,1.0,0.9411764705882352,0.0,0.0,272.0,12.588235294117649,57.41176470588236,0.2352941176470588,3.411764705882353,28.647058823529413,0.2352941176470588,0.2352941176470588,0.1764705882352941,16.0,217.3,12.782352941176471,Bijan Robinson,2023.0,8.625,4.718303632573324,21.02452189196686,3.0006887044064703,26.25,121.125,4.611702479106331,0.5,7.0,107.72404892626194,11.525951073738057,0.4469384826171574,0.3796918359418359,1456.0,431.0,309.2,18.188235294117646
Breece Hall,NYJ,RB,21.0,7.0,2.0,80.0,463.0,4.0,5.7875,19.0,218.0,1.0,11.473684210526317,1.0,1.0,2022,0.4117647058823529,0.2857142857142857,0.0,0.0,99.0,11.428571428571429,66.14285714285714,0.5714285714285714,2.7142857142857144,31.142857142857142,0.1428571428571428,0.1428571428571428,0.1428571428571428,14.142857142857142,105.6,15.085714285714287,Breece Hall,2022.0,5.0,3.552511436799563,26.10021786492375,2.948609243697479,18.33333333333333,93.0,5.023747276688454,1.0,20.0,82.0722841577105,8.261049175622835,0.4467689395407254,0.3973168214654283,994.0,591.0,250.5,14.735294117647058
Breece Hall,NYJ,RB,22.0,17.0,16.0,223.0,994.0,5.0,4.457399103139013,76.0,591.0,4.0,7.776315789473684,2.0,0.0,2023,1.0,0.9411764705882352,0.0,0.0,299.0,13.117647058823527,58.47058823529412,0.2941176470588235,4.470588235294118,34.76470588235294,0.2352941176470588,0.1176470588235294,0.0,17.58823529411765,250.5,14.735294117647058,Breece Hall,2023.0,9.357142857142858,5.625623478952384,20.55364703066497,2.9275971011131725,30.214285714285715,134.71428571428572,4.3001060694446345,0.7142857142857143,20.0,113.24450663198756,19.75549336801245,0.5832538713524925,0.3218667184263514,876.0,483.0,208.4,13.025
Chase Brown,CIN,RB,23.0,12.0,0.0,44.0,179.0,0.0,4.068181818181818,14.0,156.0,1.0,11.142857142857142,1.0,0.0,2023,0.7058823529411765,0.0,0.0,0.0,58.0,3.6666666666666665,14.916666666666666,0.0,1.1666666666666667,13.0,0.0833333333333333,0.0833333333333333,0.0,4.833333333333333,46.5,3.875,Chase Brown,2023.0,18.0,4.807906976744186,54.54545454545454,3.110428571428572,11.0,43.0,3.909090909090909,0.0,30.0,33.14826638948851,9.851733610511488,0.8956121464101353,0.2727272727272727,990.0,360.0,226.0,14.125
Christian McCaffrey,SF,RB,21.0,16.0,10.0,117.0,435.0,2.0,3.717948717948718,80.0,651.0,5.0,8.1375,2.0,1.0,2017,1.0,0.625,0.0,0.0,197.0,7.3125,27.1875,0.125,5.0,40.6875,0.3125,0.125,0.0625,12.3125,188.6,11.7875,Christian McCaffrey,2017.0,6.25,4.601238940076798,27.361111111111114,2.797213286713287,39.25,152.75,4.245833333333334,0.75,22.0,,,,,1098.0,867.0,332.0,20.75
Christian McCaffrey,SF,RB,22.0,16.0,16.0,219.0,1098.0,7.0,5.013698630136986,107.0,867.0,6.0,8.102803738317757,4.0,1.0,2018,1.0,1.0,0.0,0.0,327.0,13.6875,68.625,0.4375,6.6875,54.1875,0.375,0.25,0.0625,20.4375,332.0,20.75,Christian McCaffrey,2018.0,9.0,3.586605230528513,19.699516144303228,2.761112027340762,31.615384615384617,160.92307692307693,5.205265987808757,1.0769230769230769,22.0,144.52697250402295,13.626873649823212,0.3811196044264929,0.3493441016842505,1387.0,1005.0,411.2000000000001,25.700000000000003
Christian McCaffrey,SF,RB,23.0,16.0,16.0,287.0,1387.0,15.0,4.832752613240418,116.0,1005.0,4.0,8.663793103448276,1.0,0.0,2019,1.0,1.0,1.0,1.0,405.0,17.9375,86.6875,0.9375,7.25,62.8125,0.25,0.0625,0.0,25.3125,411.2000000000001,25.700000000000003,Christian McCaffrey,2019.0,8.0625,4.06628520736587,24.672805617426125,2.662559961357244,35.3125,171.75,4.926074221853065,1.8125,22.0,144.98079415777354,26.64420584222646,0.7239960506541552,0.3581334083801188,225.0,149.0,81.9,27.3
Christian McCaffrey,SF,RB,24.0,3.0,3.0,59.0,225.0,5.0,3.8135593220338975,17.0,149.0,1.0,8.764705882352942,0.0,0.0,2020,0.1875,1.0,0.0,0.0,76.0,19.666666666666668,75.0,1.6666666666666667,5.666666666666667,49.66666666666666,0.3333333333333333,0.0,0.0,25.33333333333333,81.9,27.3,Christian McCaffrey,2020.0,4.0,4.28645276581233,18.760064412238325,2.75316893939394,19.666666666666668,75.0,3.7761674718196456,1.6666666666666667,22.0,80.75528687680769,-5.75528687680769,-0.3043704243449646,0.4597423510466988,442.0,343.0,109.0,15.571428571428571
Christian McCaffrey,SF,RB,25.0,7.0,7.0,99.0,442.0,1.0,4.4646464646464645,37.0,343.0,1.0,9.27027027027027,1.0,0.0,2021,0.4117647058823529,1.0,0.0,0.0,136.0,14.142857142857142,63.142857142857146,0.1428571428571428,5.285714285714286,49.0,0.1428571428571428,0.1428571428571428,0.0,19.428571428571427,109.0,15.571428571428571,Christian McCaffrey,2021.0,6.428571428571429,3.937395611428705,33.620110048681475,2.7656031920460493,27.285714285714285,121.85714285714286,4.65047016475588,0.2857142857142857,22.0,114.07891936364489,0.3496520649265525,0.323571046770123,0.4568867821728233,1139.0,741.0,313.86,18.46235294117648
Christian McCaffrey,SF,RB,26.0,17.0,16.0,244.0,1139.0,8.0,4.668032786885246,85.0,741.0,5.0,8.717647058823529,1.0,0.0,2022,1.0,0.9411764705882352,1.0,0.0,330.0,14.352941176470589,67.0,0.4705882352941176,5.0,43.588235294117645,0.2941176470588235,0.0588235294117647,0.0,19.41176470588235,313.86,18.46235294117648,Christian McCaffrey,2022.0,9.333333333333334,3.950671042580818,35.295175987080775,2.764589350005974,31.0,144.93333333333334,4.637983574109342,1.0666666666666669,22.666666666666668,137.21920829368096,6.047458372985703,0.1720896907071686,0.3572709597477398,1459.0,564.0,357.8,22.3625
Christian McCaffrey,SF,RB,27.0,16.0,16.0,272.0,1459.0,14.0,5.363970588235294,67.0,564.0,7.0,8.417910447761194,3.0,2.0,2023,0.9411764705882352,1.0,1.0,1.0,339.0,17.0,91.1875,0.875,4.1875,35.25,0.4375,0.1875,0.125,21.1875,357.8,22.3625,Christian McCaffrey,2023.0,8.470588235294118,3.839941173497957,35.77534095540834,2.823128643913706,32.0,171.64705882352942,5.334759965999722,1.6470588235294117,23.0,121.49046918656686,41.09776610755079,1.2900224790050456,0.4637719620168172,202.0,146.0,40.3,10.075
Chuba Hubbard,CAR,RB,22.0,17.0,10.0,172.0,612.0,5.0,3.558139534883721,25.0,174.0,1.0,6.96,1.0,1.0,2021,1.0,0.5882352941176471,0.0,0.0,197.0,10.117647058823527,36.0,0.2941176470588235,1.4705882352941178,10.235294117647058,0.0588235294117647,0.0588235294117647,0.0588235294117647,11.588235294117649,125.1,7.358823529411765,Chuba Hubbard,2021.0,7.111111111111111,4.486435795266849,24.833397020469523,2.7610854066624904,33.22222222222222,120.11111111111111,3.6640172330835807,1.0,30.0,135.55756524212472,-18.779787464346928,-0.5039537984747817,0.4014688198511728,466.0,171.0,80.7,5.38
Chuba Hubbard,CAR,RB,23.0,15.0,2.0,95.0,466.0,2.0,4.905263157894737,14.0,171.0,0.0,12.214285714285714,2.0,1.0,2022,0.8823529411764706,0.1333333333333333,0.0,0.0,109.0,6.333333333333333,31.066666666666663,0.1333333333333333,0.9333333333333332,11.4,0.0,0.1333333333333333,0.0666666666666666,7.266666666666667,80.7,5.38,Chuba Hubbard,2022.0,12.0,3.3471256325451435,14.333480760725342,2.578314872664296,31.8,159.8,5.543377561550936,0.6,30.0,142.88657447950885,16.913425520491124,0.995109511000716,0.4105233672416334,902.0,233.0,163.0,9.588235294117649
Chuba Hubbard,CAR,RB,24.0,17.0,12.0,238.0,902.0,5.0,3.7899159663865545,39.0,233.0,0.0,5.974358974358975,1.0,0.0,2023,1.0,0.7058823529411765,0.0,0.0,277.0,14.0,53.05882352941177,0.2941176470588235,2.294117647058824,13.705882352941176,0.0,0.0588235294117647,0.0,16.294117647058822,163.0,9.588235294117649,Chuba Hubbard,2023.0,11.0,4.066890071390006,19.718287410978217,2.708514521504607,34.30769230769231,128.30769230769232,3.6954059705045705,0.7692307692307693,30.0,119.98932185657684,7.087601220346236,0.2505815611618344,0.4747153889864203,1195.0,171.0,218.1,14.54
Cordarrelle Patterson,PIT,RB,30.0,16.0,13.0,153.0,618.0,6.0,4.03921568627451,52.0,548.0,5.0,10.538461538461538,2.0,0.0,2021,0.9411764705882352,0.8125,0.0,0.0,206.0,9.5625,38.625,0.375,3.25,34.25,0.3125,0.125,0.0,12.875,208.6,13.0375,Cordarrelle Patterson,2021.0,9.428571428571429,4.578385633771306,44.9681970690374,2.808878302055088,33.857142857142854,142.0,4.313348066499327,1.4285714285714286,84.0,137.3411286915602,3.230299879868388,0.2794824508807068,0.3626157428191486,695.0,122.0,138.2,10.63076923076923
Cordarrelle Patterson,PIT,RB,31.0,13.0,11.0,144.0,695.0,8.0,4.826388888888889,21.0,122.0,0.0,5.809523809523809,1.0,1.0,2022,0.7647058823529411,0.8461538461538461,0.0,0.0,165.0,11.076923076923077,53.46153846153846,0.6153846153846154,1.6153846153846154,9.384615384615383,0.0,0.0769230769230769,0.0769230769230769,12.692307692307692,138.2,10.63076923076923,Cordarrelle Patterson,2022.0,7.333333333333333,3.9838868928899953,33.58497802125253,2.8062732885283745,28.0,139.66666666666666,5.0173079190236045,1.4444444444444444,84.0,111.86484256420825,21.13515743579176,0.9131871844886128,0.4797414416119452,181.0,38.0,32.400000000000006,2.3142857142857145
Cordarrelle Patterson,PIT,RB,32.0,14.0,0.0,50.0,181.0,0.0,3.62,9.0,38.0,1.0,4.222222222222222,1.0,0.0,2023,0.8235294117647058,0.0,0.0,0.0,59.0,3.571428571428572,12.928571428571429,0.0,0.6428571428571429,2.7142857142857144,0.0714285714285714,0.0714285714285714,0.0,4.214285714285714,32.400000000000006,2.3142857142857145,Cordarrelle Patterson,2023.0,7.0,3.909464285714286,30.0,3.3934444444444445,10.0,56.0,5.6,0.0,84.0,48.081575083576126,7.918424916423874,0.7918424916423874,0.4,135.0,80.0,31.5,2.423076923076923
D'Andre Swift,CHI,RB,21.0,13.0,4.0,114.0,521.0,8.0,4.5701754385964914,46.0,357.0,2.0,7.760869565217392,3.0,2.0,2020,0.8125,0.3076923076923077,0.0,0.0,160.0,8.76923076923077,40.07692307692308,0.6153846153846154,3.5384615384615383,27.46153846153846,0.1538461538461538,0.2307692307692307,0.1538461538461538,12.307692307692308,166.8,12.830769230769231,D'Andre Swift,2020.0,10.428571428571429,3.618025951100975,21.33179790134677,2.76937257266543,27.714285714285715,135.42857142857142,5.186876187722052,1.8571428571428568,32.0,125.80441771180384,9.62415371676757,0.5900308905942216,0.3709772370486656,617.0,452.0,177.9,13.684615384615386
D'Andre Swift,CHI,RB,22.0,13.0,4.0,151.0,617.0,5.0,4.086092715231788,62.0,452.0,2.0,7.290322580645161,2.0,1.0,2021,0.7647058823529411,0.3076923076923077,0.0,0.0,214.0,11.615384615384617,47.46153846153846,0.3846153846153846,4.769230769230769,34.76923076923077,0.1538461538461538,0.1538461538461538,0.0769230769230769,16.46153846153846,177.9,13.684615384615386,D'Andre Swift,2021.0,5.666666666666667,4.626443073537842,25.25537989114148,2.955843978566488,30.22222222222222,124.33333333333331,4.118577216259336,1.0,32.0,135.05967994815836,-10.726346614825028,-0.3326154405943474,0.2972660158090621,542.0,389.0,165.10000000000002,11.792857142857144
D'Andre Swift,CHI,RB,23.0,14.0,8.0,99.0,542.0,5.0,5.474747474747475,48.0,389.0,3.0,8.104166666666666,1.0,0.0,2022,0.8235294117647058,0.5714285714285714,0.0,0.0,147.0,7.071428571428571,38.71428571428572,0.3571428571428571,3.4285714285714284,27.785714285714285,0.2142857142857142,0.0714285714285714,0.0,10.5,165.10000000000002,11.792857142857144,D'Andre Swift,2022.0,7.75,3.321854795153101,4.967532467532467,2.761946743295019,34.75,206.5,6.648556998556998,2.0,32.0,181.75892386765813,21.741076132341853,1.0412073683748664,0.4333770396270396,1049.0,214.0,179.8,11.2375
D'Andre Swift,CHI,RB,24.0,16.0,15.0,229.0,1049.0,5.0,4.580786026200873,39.0,214.0,1.0,5.487179487179487,3.0,1.0,2023,0.9411764705882352,0.9375,1.0,0.0,268.0,14.3125,65.5625,0.3125,2.4375,13.375,0.0625,0.1875,0.0625,16.75,179.8,11.2375,D'Andre Swift,2023.0,8.6,3.984967104528734,17.169948509596598,2.7678435643659176,30.066666666666663,138.8,4.530309846915935,0.6666666666666666,0.0,144.1663808167127,-7.89971415004602,-0.4254231830928561,0.3644302331655273,959.0,386.0,191.5,11.264705882352942
Dare Ogunbowale,HOU,RB,26.0,14.0,2.0,32.0,145.0,0.0,4.53125,10.0,54.0,0.0,5.4,0.0,0.0,2020,0.875,0.1428571428571428,0.0,0.0,42.0,2.2857142857142856,10.357142857142858,0.0,0.7142857142857143,3.857142857142857,0.0,0.0,0.0,3.0,24.9,1.7785714285714285,Dare Ogunbowale,2020.0,16.5,3.525512676056338,7.142857142857142,2.632926282051282,14.0,60.5,4.321428571428571,0.0,33.0,66.25563614438173,-5.755636144381731,-0.411116867455838,0.2499999999999999,137.0,114.0,43.6,2.5647058823529414
Dare Ogunbowale,HOU,RB,27.0,17.0,2.0,43.0,137.0,1.0,3.186046511627907,13.0,114.0,1.0,8.76923076923077,0.0,0.0,2021,1.0,0.1176470588235294,0.0,0.0,56.0,2.5294117647058822,8.058823529411764,0.0588235294117647,0.7647058823529411,6.705882352941177,0.0588235294117647,0.0,0.0,3.294117647058824,43.6,2.5647058823529414,Dare Ogunbowale,2021.0,17.0,4.365684210526316,17.914438502673796,2.6872875816993465,14.0,43.5,3.0401069518716577,0.5,33.0,66.62096439790233,-23.120964397902323,-1.605881125679124,0.2379679144385026,123.0,104.0,38.7,2.2764705882352945
Dare Ogunbowale,HOU,RB,28.0,17.0,4.0,42.0,123.0,1.0,2.9285714285714284,20.0,104.0,0.0,5.2,0.0,0.0,2022,1.0,0.2352941176470588,0.0,0.0,62.0,2.4705882352941178,7.235294117647059,0.0588235294117647,1.1764705882352942,6.117647058823529,0.0,0.0,0.0,3.647058823529412,38.7,2.2764705882352945,Dare Ogunbowale,2022.0,18.0,4.220909090909092,9.090909090909092,2.8521,11.0,33.0,3.0,0.0,33.0,47.936942341210965,-14.936942341210964,-1.357903849200997,0.1818181818181818,35.0,18.0,6.3,0.525
David Montgomery,DET,RB,22.0,16.0,8.0,242.0,889.0,6.0,3.673553719008265,25.0,185.0,1.0,7.4,2.0,2.0,2019,1.0,0.5,0.0,0.0,267.0,15.125,55.5625,0.375,1.5625,11.5625,0.0625,0.125,0.125,16.6875,157.9,9.86875,David Montgomery,2019.0,9.266666666666667,4.496583564989574,20.89957313920733,2.687025527532385,31.73333333333333,116.93333333333334,3.5621601527245565,0.8,32.0,122.38654382100268,-6.786543821002669,-0.3136585877523207,0.3454074853819098,1070.0,438.0,235.8,15.72
David Montgomery,DET,RB,23.0,15.0,14.0,247.0,1070.0,8.0,4.331983805668016,54.0,438.0,2.0,8.11111111111111,1.0,1.0,2020,0.9375,0.9333333333333332,0.0,0.0,301.0,16.466666666666665,71.33333333333333,0.5333333333333333,3.6,29.2,0.1333333333333333,0.0666666666666666,0.0666666666666666,20.066666666666663,235.8,15.72,David Montgomery,2020.0,8.25,4.046145301835127,14.012735157041885,2.745662587181985,30.875,133.75,4.484841125280304,1.0,32.0,124.41771848962443,6.707281510375564,0.4542566085118525,0.3653115416091905,849.0,301.0,175.0,13.461538461538462
David Montgomery,DET,RB,24.0,13.0,13.0,225.0,849.0,7.0,3.773333333333333,42.0,301.0,0.0,7.166666666666667,1.0,1.0,2021,0.7647058823529411,1.0,0.0,0.0,268.0,17.307692307692307,65.3076923076923,0.5384615384615384,3.230769230769231,23.15384615384616,0.0,0.0769230769230769,0.0769230769230769,20.615384615384617,175.0,13.461538461538462,David Montgomery,2021.0,9.642857142857142,4.129390775887016,19.8710519375481,2.7251640586227746,32.142857142857146,121.28571428571428,3.8391369998896487,1.0,32.0,131.98052398420808,-11.40909541277951,-0.297614964203836,0.3394218184021613,801.0,316.0,160.70000000000002,10.04375
David Montgomery,DET,RB,25.0,16.0,16.0,201.0,801.0,5.0,3.985074626865672,34.0,316.0,1.0,9.294117647058824,2.0,2.0,2022,0.9411764705882352,1.0,0.0,0.0,235.0,12.5625,50.0625,0.3125,2.125,19.75,0.0625,0.125,0.125,14.6875,160.70000000000002,10.04375,David Montgomery,2022.0,8.076923076923077,4.6045911785001366,22.636904359907,2.761659627947868,29.0,116.07692307692308,4.019391648737567,0.7692307692307693,32.0,122.73463944486788,-7.426947137175576,-0.2671754124321269,0.3574978967234361,1015.0,117.0,197.2,14.085714285714284
David Montgomery,DET,RB,26.0,14.0,14.0,219.0,1015.0,13.0,4.634703196347032,16.0,117.0,0.0,7.3125,2.0,1.0,2023,0.8235294117647058,1.0,0.0,0.0,235.0,15.642857142857142,72.5,0.9285714285714286,1.1428571428571428,8.357142857142858,0.0,0.1428571428571428,0.0714285714285714,16.785714285714285,197.2,14.085714285714284,David Montgomery,2023.0,9.857142857142858,3.5024405812142367,20.75177235037249,2.5345681785319942,30.857142857142858,144.0,4.941907180740597,1.8571428571428568,5.0,127.95566643556238,10.04433356443762,0.5339337601671049,0.4674966692103198,775.0,341.0,203.72,14.551428571428572
Derrick Henry,BAL,RB,22.0,15.0,2.0,110.0,490.0,5.0,4.454545454545454,13.0,137.0,0.0,10.538461538461538,0.0,0.0,2016,0.9375,0.1333333333333333,0.0,0.0,123.0,7.333333333333333,32.666666666666664,0.3333333333333333,0.8666666666666667,9.133333333333333,0.0,0.0,0.0,8.2,99.2,6.613333333333333,Derrick Henry,2016.0,8.4,4.289847671376244,61.54545454545454,2.738236563958917,32.6,140.4,4.107575757575757,1.4,22.0,,,,,744.0,136.0,129.5,8.09375
Derrick Henry,BAL,RB,23.0,16.0,2.0,176.0,744.0,5.0,4.227272727272728,11.0,136.0,1.0,12.363636363636363,1.0,0.0,2017,1.0,0.125,0.0,0.0,187.0,11.0,46.5,0.3125,0.6875,8.5,0.0625,0.0625,0.0,11.6875,129.5,8.09375,Derrick Henry,2017.0,7.777777777777778,5.29295733129784,51.99215988689673,2.9416237678371013,33.111111111111114,147.22222222222223,5.042444397707556,0.8888888888888888,22.0,,,,,1059.0,99.0,193.86,12.11625
Derrick Henry,BAL,RB,24.0,16.0,12.0,215.0,1059.0,12.0,4.925581395348837,15.0,99.0,0.0,6.6,1.0,1.0,2018,1.0,0.75,0.0,0.0,233.0,13.4375,66.1875,0.75,0.9375,6.1875,0.0,0.0625,0.0625,14.5625,193.86,12.11625,Derrick Henry,2018.0,8.583333333333334,4.29274423169833,34.76711450377661,2.8732305925987145,32.666666666666664,164.16666666666666,4.990084224023177,1.9166666666666667,22.0,122.74441096616675,40.25558903383325,1.2209618804347822,0.4558412081221732,1540.0,206.0,285.6,19.040000000000003
Derrick Henry,BAL,RB,25.0,15.0,15.0,303.0,1540.0,16.0,5.082508250825082,18.0,206.0,2.0,11.444444444444445,5.0,3.0,2019,0.9375,1.0,1.0,0.0,321.0,20.2,102.66666666666669,1.0666666666666669,1.2,13.733333333333333,0.1333333333333333,0.3333333333333333,0.2,21.4,285.6,19.040000000000003,Derrick Henry,2019.0,7.875,3.948701172247887,35.06906154199567,2.740889775784024,37.875,192.5,4.958606862185065,2.0,22.0,141.28683249675728,40.71316750324274,1.0393616985585246,0.4110286283955982,2027.0,114.0,321.6,20.1
Derrick Henry,BAL,RB,26.0,16.0,16.0,378.0,2027.0,17.0,5.362433862433862,19.0,114.0,0.0,6.0,3.0,2.0,2020,1.0,1.0,1.0,1.0,397.0,23.625,126.6875,1.0625,1.1875,7.125,0.0,0.1875,0.125,24.8125,321.6,20.1,Derrick Henry,2020.0,8.764705882352942,3.8650621497273336,28.290114364473453,2.752989436441961,44.47058823529412,238.4705882352941,5.274097662058782,2.0,22.0,191.04948574004328,43.18580837760379,0.9761603602243016,0.4295702294371958,937.0,154.0,182.3,22.7875
Derrick Henry,BAL,RB,27.0,8.0,8.0,219.0,937.0,10.0,4.2785388127853885,18.0,154.0,0.0,8.555555555555555,1.0,0.0,2021,0.4705882352941176,1.0,0.0,0.0,238.0,27.375,117.125,1.25,2.25,19.25,0.0,0.125,0.0,29.75,182.3,22.7875,Derrick Henry,2021.0,4.0,4.116726796302114,35.07202771366821,2.742017147213716,48.66666666666666,208.22222222222223,4.301160094733131,2.2222222222222223,22.0,200.7173424604411,5.504879761781118,0.075325643690668,0.3529676933806522,1538.0,398.0,286.26,17.89125
Derrick Henry,BAL,RB,28.0,16.0,16.0,349.0,1538.0,13.0,4.406876790830945,33.0,398.0,0.0,12.06060606060606,6.0,3.0,2022,0.9411764705882352,1.0,1.0,0.0,384.0,21.8125,96.125,0.8125,2.0625,24.875,0.0,0.375,0.1875,24.0,286.26,17.89125,Derrick Henry,2022.0,8.705882352941176,4.289025077740482,37.20136456590584,2.694550746808864,41.05882352941177,180.94117647058823,4.307371711337701,1.5294117647058822,22.0,164.09306416439884,10.259877012071726,0.2089014343619536,0.4101374857734269,1167.0,214.0,232.66,13.685882352941176
Derrick Henry,BAL,RB,29.0,17.0,17.0,280.0,1167.0,12.0,4.167857142857143,28.0,214.0,0.0,7.642857142857143,0.0,0.0,2023,1.0,1.0,1.0,0.0,311.0,16.470588235294116,68.6470588235294,0.7058823529411765,1.6470588235294117,12.588235294117649,0.0,0.0,0.0,18.294117647058822,232.66,13.685882352941176,Derrick Henry,2023.0,9.11111111111111,5.269112650426924,35.96267657064871,2.8337935247167345,31.11111111111111,129.66666666666666,4.0629492628783135,1.3333333333333333,22.0,118.59702518090327,9.29186370798561,0.2109833229327644,0.3934296984198398,1921.0,193.0,326.90000000000003,19.229411764705883
Devin Singletary,NYG,RB,22.0,12.0,8.0,151.0,775.0,2.0,5.132450331125828,29.0,194.0,2.0,6.689655172413793,4.0,1.0,2019,0.75,0.6666666666666666,0.0,0.0,180.0,12.583333333333334,64.58333333333333,0.1666666666666666,2.4166666666666665,16.166666666666668,0.1666666666666666,0.3333333333333333,0.0833333333333333,15.0,133.4,11.116666666666667,Devin Singletary,2019.0,11.25,3.859665507383336,5.445164820895245,2.931095989477713,34.25,167.0,4.609360913239468,0.375,26.0,152.1212688267858,11.878731173214188,0.3284797671371728,0.3969954648526076,687.0,269.0,124.6,7.7875
Devin Singletary,NYG,RB,23.0,16.0,16.0,156.0,687.0,2.0,4.403846153846154,38.0,269.0,0.0,7.078947368421052,1.0,1.0,2020,1.0,1.0,0.0,0.0,194.0,9.75,42.9375,0.125,2.375,16.8125,0.0,0.0625,0.0625,12.125,124.6,7.7875,Devin Singletary,2020.0,6.9,4.237853461550422,3.6709401709401694,2.862658801096247,27.1,119.2,4.463551448551448,0.3,26.0,110.73173498331782,5.068265016682181,0.1390732670802832,0.3951613324755739,870.0,228.0,177.8,10.458823529411765
Devin Singletary,NYG,RB,24.0,17.0,16.0,188.0,870.0,7.0,4.627659574468085,40.0,228.0,1.0,5.7,5.0,0.0,2021,1.0,0.9411764705882352,0.0,0.0,228.0,11.058823529411764,51.1764705882353,0.4117647058823529,2.3529411764705883,13.411764705882351,0.0588235294117647,0.2941176470588235,0.0,13.411764705882351,177.8,10.458823529411765,Devin Singletary,2021.0,9.181818181818182,4.048029027609623,14.308801379252715,2.83092870338218,30.727272727272727,139.27272727272728,4.4176283472321165,1.181818181818182,26.0,138.91309778113825,-1.458552326592803,-0.125757539841673,0.3413968087361055,819.0,280.0,158.9,9.93125
Devin Singletary,NYG,RB,25.0,16.0,16.0,177.0,819.0,5.0,4.627118644067797,38.0,280.0,1.0,7.368421052631579,3.0,3.0,2022,0.9411764705882352,1.0,0.0,0.0,215.0,11.0625,51.1875,0.3125,2.375,17.5,0.0625,0.1875,0.1875,13.4375,158.9,9.93125,Devin Singletary,2022.0,9.5,3.3380771567963388,22.64794112500992,2.699820780843216,30.2,142.4,4.839057740752656,1.0,26.0,132.39847203728067,6.101527962719328,0.3189462174042221,0.3922963083528099,898.0,193.0,152.34,8.961176470588235
Devin Singletary,NYG,RB,26.0,17.0,10.0,216.0,898.0,4.0,4.157407407407407,30.0,193.0,0.0,6.433333333333334,1.0,0.0,2023,1.0,0.5882352941176471,0.0,0.0,247.0,12.705882352941176,52.8235294117647,0.2352941176470588,1.7647058823529411,11.352941176470589,0.0,0.0588235294117647,0.0,14.529411764705882,152.34,8.961176470588235,Devin Singletary,2023.0,10.8,4.062882172702894,16.959045584045587,2.841086937313353,38.2,160.3,4.136049598549599,0.8,26.0,148.0005230192225,7.399476980777497,0.2401133544628771,0.3914488154540699,437.0,119.0,86.10000000000001,5.74
Elijah Mitchell,KC,RB,23.0,11.0,10.0,207.0,963.0,5.0,4.652173913043479,19.0,137.0,1.0,7.2105263157894735,0.0,0.0,2021,0.6470588235294118,0.9090909090909092,0.0,0.0,226.0,18.818181818181817,87.54545454545455,0.4545454545454545,1.7272727272727273,12.454545454545457,0.0909090909090909,0.0,0.0,20.545454545454547,155.5,14.136363636363637,Elijah Mitchell,2021.0,8.8,3.907913994973176,38.036446809498365,2.9064299664937745,39.7,184.7,4.716258392500148,1.0,25.0,170.96167239657578,10.938327603424218,0.3326867584370635,0.3829819514305658,279.0,7.0,42.10000000000001,8.420000000000002
Elijah Mitchell,KC,RB,24.0,5.0,1.0,45.0,279.0,2.0,6.2,3.0,7.0,0.0,2.333333333333333,0.0,0.0,2022,0.2941176470588235,0.2,0.0,0.0,48.0,9.0,55.8,0.4,0.6,1.4,0.0,0.0,0.0,9.6,42.10000000000001,8.420000000000002,Elijah Mitchell,2022.0,10.0,2.915393258426966,27.77777777777778,2.6054117647058823,18.0,89.0,4.944444444444445,0.0,25.0,75.60831493648688,13.391685063513124,0.7439825035285068,0.4444444444444444,281.0,14.0,44.5,4.045454545454546
Emari Demercado,ARI,RB,24.0,14.0,2.0,58.0,284.0,2.0,4.896551724137931,21.0,119.0,0.0,5.666666666666667,0.0,0.0,2023,0.8235294117647058,0.1428571428571428,0.0,0.0,79.0,4.142857142857143,20.285714285714285,0.1428571428571428,1.5,8.5,0.0,0.0,0.0,5.642857142857143,62.8,4.485714285714286,Emari Demercado,2023.0,6.666666666666667,3.673586010413597,27.82051282051282,2.785138888888888,14.333333333333334,60.333333333333336,4.287179487179487,0.3333333333333333,31.0,59.07833220151485,1.2550011318184864,0.1714986051264788,0.4615384615384615,223.0,104.0,46.7,3.5923076923076924
Isiah Pacheco,KC,RB,23.0,17.0,11.0,170.0,830.0,5.0,4.882352941176471,13.0,130.0,0.0,10.0,4.0,2.0,2022,1.0,0.6470588235294118,0.0,0.0,183.0,10.0,48.8235294117647,0.2941176470588235,0.7647058823529411,7.647058823529412,0.0,0.2352941176470588,0.1176470588235294,10.764705882352942,128.5,7.558823529411764,Isiah Pacheco,2022.0,9.6,3.544721020280934,19.532403870639165,2.7741096145521147,30.2,149.3,5.114608087990441,0.8,10.0,134.76169502575934,13.538304974240674,0.529804065953107,0.4318035457556415,935.0,244.0,191.9,13.707142857142856
Isiah Pacheco,KC,RB,24.0,14.0,13.0,205.0,935.0,7.0,4.560975609756097,44.0,244.0,2.0,5.545454545454546,1.0,1.0,2023,0.8235294117647058,0.9285714285714286,0.0,0.0,249.0,14.642857142857142,66.78571428571429,0.5,3.142857142857143,17.428571428571427,0.1428571428571428,0.0714285714285714,0.0714285714285714,17.785714285714285,191.9,13.707142857142856,Isiah Pacheco,2023.0,8.076923076923077,3.881979123344475,12.053664383080797,2.741619864664308,30.307692307692307,139.0,4.478809817531798,1.0769230769230769,10.0,122.24523662089004,14.293224917571491,0.3986701423575965,0.3992539062377119,310.0,79.0,50.9,7.271428571428571
J.K. Dobbins,DEN,RB,22.0,15.0,1.0,134.0,805.0,9.0,6.007462686567164,18.0,120.0,0.0,6.666666666666667,2.0,0.0,2020,0.9375,0.0666666666666666,0.0,0.0,152.0,8.933333333333334,53.66666666666666,0.6,1.2,8.0,0.0,0.1333333333333333,0.0,10.133333333333333,155.5,10.366666666666667,J.K. Dobbins,2020.0,11.444444444444445,3.583016612677293,24.12633248454144,2.803523514398784,26.444444444444443,160.33333333333334,6.124228010795175,1.7777777777777777,27.0,122.81460478753644,37.29650632357469,1.3901104887756923,0.4474810764284448,520.0,42.0,77.7,9.7125
J.K. Dobbins,DEN,RB,24.0,8.0,8.0,92.0,520.0,2.0,5.652173913043479,7.0,42.0,1.0,6.0,0.0,0.0,2022,0.4705882352941176,1.0,0.0,0.0,99.0,11.5,65.0,0.25,0.875,5.25,0.125,0.0,0.0,12.375,77.7,9.7125,J.K. Dobbins,2022.0,11.0,3.3140558863026413,38.29600848143048,2.94067003968254,27.0,159.66666666666666,6.134776597372507,0.6666666666666666,27.0,121.98025440897082,33.35307892436252,1.4790533235387298,0.4561507936507936,22.0,15.0,10.7,10.7
Jahmyr Gibbs,DET,RB,21.0,15.0,3.0,182.0,945.0,10.0,5.1923076923076925,52.0,316.0,1.0,6.076923076923077,2.0,1.0,2023,0.8823529411764706,0.2,1.0,0.0,234.0,12.133333333333333,63.0,0.6666666666666666,3.466666666666667,21.066666666666663,0.0666666666666666,0.1333333333333333,0.0666666666666666,15.6,216.1,14.406666666666666,Jahmyr Gibbs,2023.0,10.909090909090908,4.100717914011115,17.672630399903127,2.9060840010494555,29.63636363636364,154.0909090909091,5.266714034628473,1.7272727272727273,26.0,140.66177086487448,12.520047316943714,0.3766077503960172,0.3331499750680179,1412.0,517.0,336.90000000000003,19.81764705882353
James Conner,ARI,RB,23.0,13.0,12.0,215.0,973.0,12.0,4.525581395348837,55.0,497.0,1.0,9.036363636363635,4.0,2.0,2018,0.8125,0.9230769230769232,1.0,0.0,270.0,16.53846153846154,74.84615384615384,0.9230769230769232,4.230769230769231,38.23076923076923,0.0769230769230769,0.3076923076923077,0.1538461538461538,20.76923076923077,248.5,19.115384615384617,James Conner,2018.0,7.636363636363637,3.5491609722552084,27.94744160302655,2.857409122989296,36.72727272727273,171.36363636363637,4.747027780724033,2.090909090909091,30.0,144.93286830997934,23.430768053657005,0.7369301074753196,0.417132030648777,464.0,251.0,128.5,12.85
James Conner,ARI,RB,24.0,10.0,10.0,116.0,464.0,4.0,4.0,34.0,251.0,3.0,7.382352941176471,1.0,1.0,2019,0.625,1.0,0.0,0.0,150.0,11.6,46.4,0.4,3.4,25.1,0.3,0.1,0.1,15.0,128.5,12.85,James Conner,2019.0,3.625,4.688832807217154,14.700692626339178,2.743568359499185,26.625,105.5,3.675388945293837,1.0,30.0,115.22219101246304,-9.722191012463028,-0.548467424327115,0.3608107924684011,721.0,215.0,147.10000000000002,11.315384615384618
James Conner,ARI,RB,25.0,13.0,11.0,169.0,721.0,6.0,4.266272189349112,35.0,215.0,0.0,6.142857142857143,2.0,0.0,2020,0.8125,0.8461538461538461,0.0,0.0,204.0,13.0,55.46153846153846,0.4615384615384615,2.6923076923076925,16.53846153846154,0.0,0.1538461538461538,0.0,15.692307692307692,147.10000000000002,11.315384615384618,James Conner,2020.0,6.6,4.468906450197876,21.062705456936225,2.969856737375971,30.9,135.3,4.357887902695595,1.1,30.0,128.36215404603635,3.537845953963642,0.2082127732796154,0.3558255281116114,752.0,375.0,239.2,15.946666666666664
James Conner,ARI,RB,26.0,15.0,6.0,202.0,752.0,15.0,3.722772277227723,37.0,375.0,3.0,10.135135135135137,2.0,0.0,2021,0.8823529411764706,0.4,1.0,0.0,239.0,13.466666666666669,50.13333333333333,1.0,2.466666666666667,25.0,0.2,0.1333333333333333,0.0,15.933333333333334,239.2,15.946666666666664,James Conner,2021.0,7.769230769230769,4.266692298518556,18.105519554491373,2.727383256343989,29.46153846153846,109.0,3.729594810706769,2.1538461538461537,6.0,118.25708702800011,-9.87247164338473,-0.4173252063286897,0.3552913647775874,782.0,300.0,177.2,13.63076923076923
James Conner,ARI,RB,27.0,13.0,13.0,183.0,782.0,7.0,4.273224043715847,46.0,300.0,1.0,6.521739130434782,3.0,1.0,2022,0.7647058823529411,1.0,0.0,0.0,229.0,14.076923076923077,60.15384615384615,0.5384615384615384,3.5384615384615383,23.07692307692308,0.0769230769230769,0.2307692307692307,0.0769230769230769,17.615384615384617,177.2,13.63076923076923,James Conner,2022.0,9.363636363636363,4.205938069733215,16.25053907840793,2.7515170074026014,31.181818181818183,130.8181818181818,4.039448939039104,1.2727272727272727,6.0,128.29925705525218,0.5189247629296283,-0.0769421379498428,0.3927427728808944,1040.0,165.0,188.0,14.461538461538462
James Conner,ARI,RB,28.0,13.0,13.0,208.0,1040.0,7.0,5.0,27.0,165.0,2.0,6.111111111111111,0.0,0.0,2023,0.7647058823529411,1.0,0.0,0.0,235.0,16.0,80.0,0.5384615384615384,2.076923076923077,12.692307692307692,0.1538461538461538,0.0,0.0,18.07692307692308,188.0,14.461538461538462,James Conner,2023.0,9.166666666666666,3.8882100351431768,23.21434654315089,2.9253066943664074,33.666666666666664,167.25,4.943925071506594,1.1666666666666667,6.0,134.3353901180395,31.74794321529384,0.7223142837450318,0.4231428662588083,1094.0,414.0,226.3,14.14375
James Cook,BUF,RB,23.0,16.0,0.0,89.0,507.0,2.0,5.696629213483146,21.0,180.0,1.0,8.571428571428571,1.0,1.0,2022,0.9411764705882352,0.0,0.0,0.0,110.0,5.5625,31.6875,0.125,1.3125,11.25,0.0625,0.0625,0.0625,6.875,95.2,5.95,James Cook,2022.0,10.5,2.984449122678352,19.967532467532465,2.810272402597403,11.75,75.5,6.551948051948052,0.25,28.0,59.01718279731624,15.982817202683766,1.4624450193197207,0.3916083916083915,1122.0,445.0,210.7,12.394117647058822
James Cook,BUF,RB,24.0,17.0,13.0,237.0,1122.0,2.0,4.734177215189874,44.0,445.0,4.0,10.113636363636363,4.0,2.0,2023,1.0,0.7647058823529411,1.0,0.0,281.0,13.941176470588236,66.0,0.1176470588235294,2.588235294117647,26.176470588235293,0.2352941176470588,0.2352941176470588,0.1176470588235294,16.529411764705884,210.7,12.394117647058822,James Cook,2023.0,9.0,3.773313385421126,9.735249923971535,2.618378919902772,28.9375,139.25,4.825738848789272,0.25,4.0,122.91276404761336,15.08723595238663,0.5079523527013248,0.4277461866156719,1009.0,258.0,250.7,15.66875
Javonte Williams,DAL,RB,21.0,17.0,1.0,203.0,903.0,4.0,4.448275862068965,43.0,316.0,3.0,7.348837209302325,2.0,1.0,2021,1.0,0.0588235294117647,0.0,0.0,246.0,11.941176470588236,53.11764705882353,0.2352941176470588,2.5294117647058822,18.58823529411765,0.1764705882352941,0.1176470588235294,0.0588235294117647,14.470588235294118,183.4,10.788235294117648,Javonte Williams,2021.0,9.166666666666666,4.655059853541927,21.97661030946594,2.992745257289007,30.25,131.83333333333334,4.190390113140135,0.5833333333333334,33.0,132.9729828791286,-1.7229828791286146,-0.240728324798371,0.3569948799636359,204.0,76.0,34.0,8.5
Javonte Williams,DAL,RB,22.0,4.0,4.0,47.0,204.0,0.0,4.340425531914893,16.0,76.0,0.0,4.75,1.0,1.0,2022,0.2352941176470588,1.0,0.0,0.0,63.0,11.75,51.0,0.0,4.0,19.0,0.0,0.25,0.25,15.75,34.0,8.5,Javonte Williams,2022.0,3.0,4.397287958401751,27.77777777777777,2.976501587301588,13.333333333333334,53.66666666666666,3.888888888888889,0.0,33.0,57.30408703866773,-3.637420372001061,-0.2483136965321012,0.4444444444444445,774.0,228.0,151.7,9.48125
Javonte Williams,DAL,RB,23.0,16.0,13.0,217.0,774.0,3.0,3.566820276497696,47.0,228.0,2.0,4.851063829787234,1.0,1.0,2023,0.9411764705882352,0.8125,0.0,0.0,264.0,13.5625,48.375,0.1875,2.9375,14.25,0.125,0.0625,0.0625,16.5,151.7,9.48125,Javonte Williams,2023.0,9.0,4.643357422201863,15.760601241942163,2.9365048798764586,28.2,101.06666666666666,3.612606787173517,0.3333333333333333,33.0,109.85936395557196,-10.792697288905291,-0.4520231855126659,0.3771560066658105,513.0,346.0,131.9,7.758823529411765
Jaylen Warren,PIT,RB,24.0,16.0,0.0,77.0,379.0,1.0,4.922077922077922,28.0,214.0,0.0,7.642857142857143,1.0,0.0,2022,0.9411764705882352,0.0,0.0,0.0,105.0,4.8125,23.6875,0.0625,1.75,13.375,0.0,0.0625,0.0,6.5625,79.3,4.95625,Jaylen Warren,2022.0,16.0,4.236381578947368,53.03030303030303,2.827931818181818,11.5,57.0,4.893939393939394,0.5,30.0,43.78251240218793,13.217487597812063,1.1125833102314098,0.3901515151515151,784.0,370.0,165.9,9.758823529411766
Jaylen Warren,PIT,RB,25.0,17.0,0.0,149.0,784.0,4.0,5.261744966442953,61.0,370.0,0.0,6.065573770491803,4.0,2.0,2023,1.0,0.0,0.0,0.0,210.0,8.764705882352942,46.11764705882353,0.2352941176470588,3.588235294117647,21.764705882352946,0.0,0.2352941176470588,0.1176470588235294,12.352941176470589,165.9,9.758823529411766,Jaylen Warren,2023.0,10.5,3.681212677492239,8.870454675823803,2.9417820118478013,35.166666666666664,189.5,5.588923306372972,1.0,30.0,140.28125059048753,44.21874940951246,1.5011744404194296,0.4320997115517663,511.0,310.0,105.1,7.006666666666666
Jerome Ford,CLE,RB,24.0,17.0,12.0,204.0,813.0,4.0,3.985294117647059,44.0,319.0,5.0,7.25,1.0,1.0,2023,1.0,0.7058823529411765,0.0,0.0,248.0,12.0,47.8235294117647,0.2352941176470588,2.588235294117647,18.764705882352946,0.2941176470588235,0.0588235294117647,0.0588235294117647,14.588235294117649,187.2,11.011764705882356,Jerome Ford,2023.0,8.0,5.625200836441948,21.26782531194296,3.224228270626432,30.08333333333333,121.08333333333331,4.067182857991681,0.6666666666666666,34.0,116.29378373306784,0.9562162669321724,0.1110070738384611,0.3491131224836516,565.0,225.0,115.5,8.25
Joe Mixon,HOU,RB,21.0,14.0,7.0,178.0,626.0,4.0,3.5168539325842696,30.0,287.0,0.0,9.566666666666666,3.0,2.0,2017,0.875,0.5,0.0,0.0,208.0,12.714285714285714,44.71428571428572,0.2857142857142857,2.142857142857143,20.5,0.0,0.2142857142857142,0.1428571428571428,14.857142857142858,126.3,9.02142857142857,Joe Mixon,2017.0,7.666666666666667,5.5119393185961805,26.68870529460393,2.9334539352931017,34.77777777777778,119.55555555555556,3.2031127581569643,0.7777777777777778,28.0,,,,,1168.0,296.0,221.9,15.85
Joe Mixon,HOU,RB,22.0,14.0,13.0,237.0,1168.0,8.0,4.928270042194093,43.0,296.0,1.0,6.883720930232558,0.0,0.0,2018,0.875,0.9285714285714286,0.0,0.0,280.0,16.928571428571427,83.42857142857143,0.5714285714285714,3.071428571428572,21.142857142857142,0.0714285714285714,0.0,0.0,20.0,221.9,15.85,Joe Mixon,2018.0,9.133333333333333,3.899009331849038,15.203208032694256,2.744964934077993,31.6,155.73333333333332,5.019452374106135,1.0666666666666669,28.0,130.07902294131924,23.25431039201409,0.7351784568971647,0.3945616206004996,1137.0,287.0,207.9,12.99375
Joe Mixon,HOU,RB,23.0,16.0,15.0,278.0,1137.0,5.0,4.089928057553957,35.0,287.0,3.0,8.2,0.0,0.0,2019,1.0,0.9375,0.0,0.0,313.0,17.375,71.0625,0.3125,2.1875,17.9375,0.1875,0.0,0.0,19.5625,207.9,12.99375,Joe Mixon,2019.0,9.133333333333333,8.809296829157962,7.494273711775994,2.8853365866676475,36.13333333333333,150.26666666666668,3.958891007613876,0.6666666666666666,28.0,148.35480535452635,-1.1548053545263504,-0.221674346806993,0.3532499175388149,428.0,138.0,89.10000000000001,14.85
Joe Mixon,HOU,RB,24.0,6.0,6.0,119.0,428.0,3.0,3.596638655462185,21.0,138.0,1.0,6.571428571428571,1.0,1.0,2020,0.375,1.0,0.0,0.0,140.0,19.83333333333333,71.33333333333333,0.5,3.5,23.0,0.1666666666666666,0.1666666666666666,0.1666666666666666,23.33333333333333,89.10000000000001,14.85,Joe Mixon,2020.0,3.0,4.889389743364908,8.441609977324264,2.7312594094828566,34.0,122.28571428571428,3.497700553905773,0.8571428571428571,28.0,130.2489728637722,-8.248972863772194,-0.3302312957430969,0.3763953152111047,1205.0,314.0,266.9,16.68125
Joe Mixon,HOU,RB,25.0,16.0,16.0,292.0,1205.0,13.0,4.126712328767123,42.0,314.0,3.0,7.476190476190476,2.0,1.0,2021,0.9411764705882352,1.0,1.0,0.0,334.0,18.25,75.3125,0.8125,2.625,19.625,0.1875,0.125,0.0625,20.875,266.9,16.68125,Joe Mixon,2021.0,8.411764705882353,4.408182047079431,19.045816069785467,2.883285736451465,34.35294117647059,141.76470588235293,4.045648536545143,1.5294117647058822,28.0,141.21939972529364,-2.5135173723524287,-0.11783368208349,0.3589583610071662,814.0,441.0,209.5,14.964285714285714
Joe Mixon,HOU,RB,26.0,14.0,14.0,210.0,814.0,7.0,3.876190476190476,60.0,441.0,2.0,7.35,0.0,0.0,2022,0.8235294117647058,1.0,0.0,0.0,270.0,15.0,58.142857142857146,0.5,4.285714285714286,31.5,0.1428571428571428,0.0,0.0,19.285714285714285,209.5,14.964285714285714,Joe Mixon,2022.0,7.833333333333333,4.78409326156318,25.864720445151303,2.6783225554266,33.083333333333336,128.0,3.8063260110441486,1.1666666666666667,28.0,118.00341766225198,7.9965823377480225,0.2269502065778141,0.4124956253953969,1034.0,376.0,239.0,14.058823529411764
Joe Mixon,HOU,RB,27.0,17.0,17.0,257.0,1034.0,9.0,4.023346303501945,52.0,376.0,3.0,7.230769230769231,0.0,0.0,2023,1.0,1.0,0.0,0.0,309.0,15.117647058823527,60.8235294117647,0.5294117647058824,3.0588235294117645,22.11764705882353,0.1764705882352941,0.0,0.0,18.176470588235293,239.0,14.058823529411764,Joe Mixon,2023.0,8.941176470588236,3.8144280948271887,13.19226596447085,2.6023289639560137,29.764705882352946,120.70588235294116,4.178315389501016,1.0588235294117647,28.0,118.73520077658972,1.617740399880888,0.1505519073832084,0.4172803874724347,1016.0,309.0,222.50000000000003,15.892857142857144
Jonathan Taylor,IND,RB,21.0,15.0,13.0,232.0,1169.0,11.0,5.038793103448276,36.0,299.0,1.0,8.305555555555555,1.0,1.0,2020,0.9375,0.8666666666666667,0.0,0.0,268.0,15.466666666666669,77.93333333333334,0.7333333333333333,2.4,19.933333333333334,0.0666666666666666,0.0666666666666666,0.0666666666666666,17.866666666666667,234.8,15.653333333333334,Jonathan Taylor,2020.0,8.76923076923077,3.8542204756560703,28.31129477135094,2.8288397202283,34.0,175.15384615384616,5.041132581682979,1.6153846153846154,28.0,144.34472379574842,25.270660819636184,0.7136942597320555,0.4272674660022838,1811.0,360.0,353.1,20.77058823529412
Jonathan Taylor,IND,RB,22.0,17.0,17.0,332.0,1811.0,18.0,5.454819277108434,40.0,360.0,2.0,9.0,4.0,2.0,2021,1.0,1.0,1.0,1.0,372.0,19.529411764705884,106.52941176470588,1.0588235294117647,2.3529411764705883,21.176470588235293,0.1176470588235294,0.2352941176470588,0.1176470588235294,21.88235294117647,353.1,20.77058823529412,Jonathan Taylor,2021.0,8.722222222222221,3.3598675478200963,26.71814847607272,2.798137959223984,36.888888888888886,201.22222222222223,5.533650053371964,2.0,28.0,156.5445845152608,43.34430437362808,1.2443214223971344,0.4193767941954364,861.0,143.0,132.4,12.036363636363635
Jonathan Taylor,IND,RB,23.0,11.0,11.0,192.0,861.0,4.0,4.484375,28.0,143.0,0.0,5.107142857142857,3.0,3.0,2022,0.6470588235294118,1.0,0.0,0.0,220.0,17.454545454545453,78.27272727272727,0.3636363636363636,2.5454545454545454,13.0,0.0,0.2727272727272727,0.2727272727272727,20.0,132.4,12.036363636363635,Jonathan Taylor,2022.0,6.9,3.5148705892502754,13.505275974025974,2.7637585407006497,37.5,166.8,4.441363767281105,0.8,28.0,141.4072263564681,24.792773643531905,0.7099302404603348,0.4433620984278879,741.0,153.0,146.9,14.69
Jonathan Taylor,IND,RB,24.0,10.0,7.0,169.0,741.0,7.0,4.384615384615385,19.0,153.0,1.0,8.052631578947368,1.0,0.0,2023,0.5882352941176471,0.7,0.0,0.0,188.0,16.9,74.1,0.7,1.9,15.3,0.1,0.1,0.0,18.8,146.9,14.69,Jonathan Taylor,2023.0,10.77777777777778,3.5905457952019453,14.337283551330374,2.7643200413783746,36.0,160.55555555555554,4.596967846967846,1.5555555555555556,28.0,144.9001166542666,13.988772234622273,0.5605571518177049,0.3524521449632247,1431.0,136.0,235.7,16.835714285714285
Jordan Mason,MIN,RB,23.0,16.0,0.0,43.0,258.0,1.0,6.0,0.0,0.0,0.0,0.0,0.0,0.0,2022,0.9411764705882352,0.0,0.0,0.0,43.0,2.6875,16.125,0.0625,0.0,0.0,0.0,0.0,0.0,2.6875,31.8,1.9875,Jordan Mason,2022.0,14.0,3.665535714285715,63.63636363636363,2.9674444444444443,11.0,56.0,5.090909090909091,0.0,24.0,36.42161185997932,19.578388140020685,1.7798534672746078,0.3636363636363636,206.0,31.0,43.2,2.541176470588236
Jordan Mason,MIN,RB,24.0,17.0,0.0,40.0,206.0,3.0,5.15,3.0,31.0,0.0,10.333333333333334,0.0,0.0,2023,1.0,0.0,0.0,0.0,43.0,2.3529411764705883,12.117647058823527,0.1764705882352941,0.1764705882352941,1.8235294117647056,0.0,0.0,0.0,2.5294117647058822,43.2,2.541176470588236,Jordan Mason,2023.0,5.0,2.6331884057971022,70.0,2.5618888888888893,10.0,69.0,6.9,1.0,24.0,34.136522571276586,34.863477428723414,3.4863477428723413,0.8,789.0,91.0,109.5,9.125
Josh Jacobs,GB,RB,21.0,13.0,13.0,242.0,1150.0,7.0,4.75206611570248,20.0,166.0,0.0,8.3,1.0,1.0,2019,0.8125,1.0,0.0,0.0,262.0,18.615384615384617,88.46153846153847,0.5384615384615384,1.5384615384615383,12.76923076923077,0.0,0.0769230769230769,0.0769230769230769,20.15384615384616,181.6,13.96923076923077,Josh Jacobs,2019.0,7.142857142857143,3.6187669861684975,19.054038189808107,2.6998911763940083,34.57142857142857,164.28571428571428,4.82850486742418,1.0,28.0,139.64232274201916,22.643391543695124,0.7417408545806724,0.4193004279312165,1065.0,238.0,214.8,14.32
Josh Jacobs,GB,RB,22.0,15.0,15.0,273.0,1065.0,12.0,3.901098901098901,33.0,238.0,0.0,7.212121212121212,2.0,2.0,2020,0.9375,1.0,1.0,0.0,306.0,18.2,71.0,0.8,2.2,15.866666666666667,0.0,0.1333333333333333,0.1333333333333333,20.4,214.8,14.32,Josh Jacobs,2020.0,8.133333333333333,4.191635237306925,23.716455336045303,2.6915090816200475,35.93333333333333,140.2,3.92478616647108,1.6,28.0,140.74164868087942,-0.9416486808794226,-0.0192912511621281,0.3891888309102408,872.0,348.0,199.0,13.266666666666667
Josh Jacobs,GB,RB,23.0,15.0,14.0,217.0,872.0,9.0,4.018433179723503,54.0,348.0,0.0,6.444444444444445,2.0,2.0,2021,0.8823529411764706,0.9333333333333332,0.0,0.0,271.0,14.466666666666669,58.13333333333333,0.6,3.6,23.2,0.0,0.1333333333333333,0.1333333333333333,18.066666666666663,199.0,13.266666666666667,Josh Jacobs,2021.0,9.666666666666666,4.092290769666752,18.023412146396016,2.697164444680181,33.583333333333336,136.5,4.005618589892784,1.4166666666666667,28.0,131.40739829368175,1.592601706318244,0.0534823097723844,0.439565527065527,1653.0,400.0,301.8,17.75294117647059
Josh Jacobs,GB,RB,24.0,17.0,17.0,340.0,1653.0,12.0,4.8617647058823525,53.0,400.0,0.0,7.547169811320755,3.0,1.0,2022,1.0,1.0,1.0,1.0,393.0,20.0,97.23529411764706,0.7058823529411765,3.117647058823529,23.529411764705884,0.0,0.1764705882352941,0.0588235294117647,23.11764705882353,301.8,17.75294117647059,Josh Jacobs,2022.0,9.166666666666666,3.586862115990934,21.314925550821663,2.781297927603911,37.77777777777778,183.66666666666663,4.744699811998574,1.3333333333333333,28.0,162.17737149711996,17.600406280657793,0.2926004870378043,0.3914325509119445,805.0,296.0,162.6,12.507692307692308
Josh Jacobs,GB,RB,25.0,13.0,13.0,233.0,805.0,6.0,3.4549356223175964,37.0,296.0,0.0,8.0,3.0,1.0,2023,0.7647058823529411,1.0,0.0,0.0,270.0,17.923076923076923,61.92307692307692,0.4615384615384615,2.8461538461538463,22.76923076923077,0.0,0.2307692307692307,0.0769230769230769,20.76923076923077,162.6,12.507692307692308,Josh Jacobs,2023.0,6.923076923076923,4.300636593364995,21.37728331197551,2.7709953432483534,35.15384615384615,124.0,3.5219373658702966,0.9230769230769232,8.0,135.38017261176478,-12.303249534841708,-0.4569149652893335,0.3382822223069901,1329.0,342.0,275.1,16.18235294117647
Justice Hill,BAL,RB,22.0,16.0,0.0,58.0,225.0,2.0,3.8793103448275854,8.0,70.0,0.0,8.75,0.0,0.0,2019,1.0,0.0,0.0,0.0,66.0,3.625,14.0625,0.125,0.5,4.375,0.0,0.0,0.0,4.125,45.5,2.84375,Justice Hill,2019.0,17.0,4.31923076923077,0.0,3.1803,10.0,39.0,3.9,1.0,43.0,45.24471448951474,-6.244714489514742,-0.6244714489514742,0.3,60.0,20.0,10.5,0.875
Justice Hill,BAL,RB,26.0,16.0,5.0,84.0,387.0,3.0,4.607142857142857,28.0,206.0,1.0,7.357142857142857,1.0,1.0,2023,0.9411764705882352,0.3125,0.0,0.0,112.0,5.25,24.1875,0.1875,1.75,12.875,0.0625,0.0625,0.0625,7.0,95.3,5.956250000000001,Justice Hill,2023.0,9.0,5.689589587242026,3.0303030303030307,3.036633333333333,11.333333333333334,35.666666666666664,3.134731934731935,0.0,43.0,49.05092672086111,-13.384260054194437,-1.2143525758973803,0.2827505827505827,228.0,383.0,106.1,7.073333333333334
Kareem Hunt,KC,RB,22.0,16.0,16.0,272.0,1327.0,8.0,4.878676470588236,53.0,455.0,3.0,8.584905660377359,1.0,1.0,2017,1.0,1.0,1.0,0.0,325.0,17.0,82.9375,0.5,3.3125,28.4375,0.1875,0.0625,0.0625,20.3125,268.70000000000005,16.793750000000003,Kareem Hunt,2017.0,7.538461538461538,4.213462414303191,23.43285965867492,2.8504357184396816,39.69230769230769,193.92307692307693,5.014897768317568,1.1538461538461535,27.0,,,,,824.0,378.0,217.2,19.745454545454542
Kareem Hunt,KC,RB,23.0,11.0,11.0,181.0,824.0,7.0,4.552486187845304,26.0,378.0,7.0,14.538461538461538,0.0,0.0,2018,0.6875,1.0,0.0,0.0,207.0,16.454545454545453,74.9090909090909,0.6363636363636364,2.363636363636364,34.36363636363637,0.6363636363636364,0.0,0.0,18.818181818181817,217.2,19.745454545454542,Kareem Hunt,2018.0,5.5,4.069452119042098,16.086616466236908,2.7217641783588795,30.166666666666668,137.33333333333334,4.683153192994781,1.1666666666666667,27.0,120.05412234296456,15.612544323702124,0.6795461860887095,0.3949339348984164,179.0,285.0,82.9,10.3625
Kareem Hunt,KC,RB,25.0,16.0,5.0,198.0,841.0,6.0,4.247474747474747,38.0,304.0,5.0,8.0,2.0,0.0,2020,1.0,0.3125,0.0,0.0,236.0,12.375,52.5625,0.375,2.375,19.0,0.3125,0.125,0.0,14.75,199.5,12.46875,Kareem Hunt,2020.0,7.071428571428571,4.978975107911188,34.56515289222056,2.8584639419742324,27.071428571428573,115.5,4.4218495476954125,0.7142857142857143,27.0,109.9459597538605,5.554040246139492,0.3802426274296034,0.4251572518959737,386.0,174.0,97.0,12.125
Kareem Hunt,KC,RB,26.0,8.0,1.0,78.0,386.0,5.0,4.948717948717949,22.0,174.0,0.0,7.909090909090909,0.0,0.0,2021,0.4705882352941176,0.125,0.0,0.0,100.0,9.75,48.25,0.625,2.75,21.75,0.0,0.0,0.0,12.5,97.0,12.125,Kareem Hunt,2021.0,4.0,3.7871057062032287,27.15384615384616,3.228381587301586,12.6,65.6,5.34985347985348,0.8,27.0,56.651901532893376,7.348098467106629,0.7578706221687563,0.4499700299700299,468.0,210.0,109.3,6.429411764705883
Kareem Hunt,KC,RB,27.0,17.0,0.0,123.0,468.0,3.0,3.804878048780488,35.0,210.0,1.0,6.0,1.0,0.0,2022,1.0,0.0,0.0,0.0,158.0,7.235294117647059,27.529411764705884,0.1764705882352941,2.0588235294117645,12.352941176470589,0.0588235294117647,0.0588235294117647,0.0,9.294117647058824,109.3,6.429411764705883,Kareem Hunt,2022.0,3.2857142857142856,3.973500242913192,26.309381675235333,2.995965007215008,27.285714285714285,108.14285714285714,4.193687207101841,0.7142857142857143,27.0,105.49224722688476,1.6506099159723873,0.2646516880326733,0.4273458781655503,411.0,84.0,111.0,7.4
Kareem Hunt,KC,RB,28.0,15.0,2.0,135.0,411.0,9.0,3.0444444444444443,15.0,84.0,0.0,5.6,0.0,0.0,2023,0.8823529411764706,0.1333333333333333,0.0,0.0,150.0,9.0,27.4,0.6,1.0,5.6,0.0,0.0,0.0,10.0,111.0,7.4,Kareem Hunt,2023.0,9.5,4.376489435344603,32.63756613756614,2.6693917162163885,23.9,75.6,3.2703968253968254,1.7,27.0,90.87629291416958,-15.876292914169593,-0.6164299348492415,0.3712651030561478,728.0,176.0,143.9,11.069230769230767
Kendre Miller,NO,RB,21.0,8.0,0.0,41.0,156.0,1.0,3.804878048780488,10.0,117.0,0.0,11.7,0.0,0.0,2023,0.4705882352941176,0.0,0.0,0.0,51.0,5.125,19.5,0.125,1.25,14.625,0.0,0.0,0.0,6.375,38.3,4.7875000000000005,Kendre Miller,2023.0,11.5,4.570886708626435,20.51282051282051,3.078192307692308,12.5,55.0,4.349358974358975,0.5,25.0,55.99320682592217,-1.4932068259221722,-0.1983941861755482,0.3216783216783216,148.0,33.0,26.6,4.433333333333334
Kyren Williams,LAR,RB,22.0,10.0,0.0,35.0,139.0,0.0,3.971428571428572,9.0,76.0,0.0,8.444444444444445,0.0,0.0,2022,0.5882352941176471,0.0,0.0,0.0,44.0,3.5,13.9,0.0,0.9,7.6,0.0,0.0,0.0,4.4,26.0,2.6,Kyren Williams,2022.0,12.0,4.582,0.0,2.629,11.0,35.0,3.1818181818181817,0.0,23.0,65.35399580334469,-30.353995803344688,-2.759454163940426,0.0909090909090909,1144.0,206.0,237.0,19.75
Kyren Williams,LAR,RB,23.0,12.0,11.0,228.0,1144.0,12.0,5.017543859649122,32.0,206.0,3.0,6.4375,3.0,2.0,2023,0.7058823529411765,0.9166666666666666,1.0,0.0,260.0,19.0,95.33333333333331,1.0,2.6666666666666665,17.166666666666668,0.25,0.25,0.1666666666666666,21.666666666666668,237.0,19.75,Kyren Williams,2023.0,8.307692307692308,3.405461569133226,3.934075670917776,2.6273185002593253,35.07692307692308,176.0,4.960792143454087,1.8461538461538465,23.0,149.5896749842945,22.41032501570552,0.5054823411656253,0.4104507067007067,1299.0,182.0,255.1,15.94375
Miles Sanders,DAL,RB,22.0,16.0,11.0,179.0,818.0,3.0,4.569832402234637,50.0,509.0,3.0,10.18,2.0,1.0,2019,1.0,0.6875,0.0,0.0,229.0,11.1875,51.125,0.1875,3.125,31.8125,0.1875,0.125,0.0625,14.3125,191.7,11.98125,Miles Sanders,2019.0,8.333333333333334,4.402546961353166,13.116180921238255,2.9472139361387524,27.33333333333333,122.33333333333331,4.285240693720033,0.4166666666666667,26.0,130.68051714572536,-10.180517145725371,-0.5880219975986315,0.3206063243601943,867.0,197.0,152.4,12.7
Miles Sanders,DAL,RB,23.0,12.0,11.0,164.0,867.0,6.0,5.286585365853658,28.0,197.0,0.0,7.035714285714286,4.0,2.0,2020,0.75,0.9166666666666666,0.0,0.0,192.0,13.666666666666666,72.25,0.5,2.333333333333333,16.416666666666668,0.0,0.3333333333333333,0.1666666666666666,16.0,152.4,12.7,Miles Sanders,2020.0,8.454545454545455,3.92175901362068,6.406305315917941,2.871065625697196,28.454545454545453,145.54545454545453,4.981473656193233,1.0909090909090908,26.0,145.5292743891703,-1.256547116443044,-0.083299129222304,0.3263498869491126,754.0,158.0,102.2,8.516666666666667
Miles Sanders,DAL,RB,24.0,12.0,12.0,137.0,754.0,0.0,5.5036496350364965,26.0,158.0,0.0,6.076923076923077,1.0,1.0,2021,0.7058823529411765,1.0,0.0,0.0,163.0,11.416666666666666,62.833333333333336,0.0,2.1666666666666665,13.166666666666666,0.0,0.0833333333333333,0.0833333333333333,13.583333333333334,102.2,8.516666666666667,Miles Sanders,2021.0,6.714285714285714,3.506552891002962,11.74026804501257,2.7676102315300293,33.42857142857143,181.8571428571429,5.273062723975133,0.0,26.0,171.61120449622493,9.817366932346484,0.2459101235649536,0.3923452364628835,1269.0,78.0,206.7,12.158823529411766
Miles Sanders,DAL,RB,25.0,17.0,15.0,259.0,1269.0,11.0,4.899613899613899,20.0,78.0,0.0,3.9,2.0,2.0,2022,1.0,0.8823529411764706,1.0,0.0,279.0,15.235294117647058,74.6470588235294,0.6470588235294118,1.1764705882352942,4.588235294117647,0.0,0.1176470588235294,0.1176470588235294,16.41176470588235,206.7,12.158823529411766,Miles Sanders,2022.0,9.176470588235292,3.843194372047861,17.609771104580794,2.797169148894984,29.94117647058824,144.7058823529412,4.652570030597712,1.2352941176470589,26.0,131.0091631412986,10.520248623407271,0.2368868566776316,0.4051708643929235,432.0,154.0,74.10000000000001,4.6312500000000005
Miles Sanders,DAL,RB,26.0,16.0,5.0,129.0,432.0,1.0,3.3488372093023258,27.0,154.0,0.0,5.703703703703703,2.0,2.0,2023,0.9411764705882352,0.3125,0.0,0.0,156.0,8.0625,27.0,0.0625,1.6875,9.625,0.0,0.125,0.125,9.75,74.10000000000001,4.6312500000000005,Miles Sanders,2023.0,6.285714285714286,5.044052980442161,9.750482076063472,2.898734200323486,30.0,102.57142857142856,3.670560779198653,0.1428571428571428,6.0,111.94573092311218,-11.088588065969342,-0.046102747536259,0.290418807383093,205.0,148.0,65.3,5.9363636363636365
Najee Harris,LAC,RB,23.0,17.0,17.0,307.0,1200.0,7.0,3.908794788273616,74.0,467.0,3.0,6.3108108108108105,0.0,0.0,2021,1.0,1.0,1.0,0.0,381.0,18.058823529411764,70.58823529411765,0.4117647058823529,4.352941176470588,27.47058823529412,0.1764705882352941,0.0,0.0,22.41176470588235,263.7,15.511764705882351,Najee Harris,2021.0,8.941176470588236,4.660893374700864,14.034709580374669,2.802073956949064,35.64705882352941,139.8235294117647,3.737246567310472,0.8235294117647058,22.0,146.42060866009032,-8.832373365972684,-0.4041570855548505,0.3145970067968944,1034.0,229.0,202.96,11.938823529411764
Najee Harris,LAC,RB,24.0,17.0,17.0,272.0,1034.0,7.0,3.801470588235294,41.0,229.0,3.0,5.585365853658536,3.0,2.0,2022,1.0,1.0,0.0,0.0,314.0,16.0,60.8235294117647,0.4117647058823529,2.411764705882353,13.470588235294118,0.1764705882352941,0.1764705882352941,0.1176470588235294,18.47058823529412,202.96,11.938823529411764,Najee Harris,2022.0,9.058823529411764,4.557176627670483,24.53331565130121,2.721978113716972,31.529411764705884,119.76470588235294,3.648980306297517,0.8235294117647058,22.0,132.9530235975422,-13.305964774012772,-0.5619505991441588,0.3651852726950071,1035.0,170.0,181.0,10.647058823529411
Najee Harris,LAC,RB,25.0,17.0,17.0,255.0,1035.0,8.0,4.0588235294117645,29.0,170.0,0.0,5.862068965517241,2.0,1.0,2023,1.0,1.0,0.0,0.0,284.0,15.0,60.88235294117647,0.4705882352941176,1.7058823529411764,10.0,0.0,0.1176470588235294,0.0588235294117647,16.705882352941178,181.0,10.647058823529411,Najee Harris,2023.0,9.75,4.110568586170286,17.7182628280732,2.817476256924244,31.0625,126.625,4.016855217401851,1.0,22.0,114.12446431801084,11.000535681989152,0.2831647914835823,0.4088578120990163,1043.0,283.0,186.6,10.976470588235296
Nick Chubb,HOU,RB,23.0,16.0,9.0,192.0,996.0,8.0,5.1875,20.0,149.0,2.0,7.45,0.0,0.0,2018,1.0,0.5625,0.0,0.0,212.0,12.0,62.25,0.5,1.25,9.3125,0.125,0.0,0.0,13.25,184.50000000000003,11.531250000000002,Nick Chubb,2018.0,10.11111111111111,3.663796178773323,36.00934579553,2.922408265352925,38.888888888888886,196.0,4.986483537580029,1.4444444444444444,24.0,156.57789053013266,34.088776136534,0.8547027491231063,0.3381348524451379,1494.0,278.0,237.2,14.825
Nick Chubb,HOU,RB,24.0,16.0,16.0,298.0,1494.0,8.0,5.0134228187919465,36.0,278.0,0.0,7.722222222222222,3.0,3.0,2019,1.0,1.0,1.0,0.0,334.0,18.625,93.375,0.5,2.25,17.375,0.0,0.1875,0.1875,20.875,237.2,14.825,Nick Chubb,2019.0,8.588235294117647,3.79869401117638,13.875753792911254,2.964744815145385,35.05882352941177,175.76470588235293,5.0118925013782585,0.9411764705882352,24.0,141.59428201531858,33.464541514093185,0.9549427008154284,0.393128327984278,1067.0,150.0,199.7,16.641666666666666
Nick Chubb,HOU,RB,25.0,12.0,12.0,190.0,1067.0,12.0,5.61578947368421,16.0,150.0,0.0,9.375,1.0,1.0,2020,0.75,1.0,1.0,0.0,206.0,15.833333333333334,88.91666666666667,1.0,1.3333333333333333,12.5,0.0,0.0833333333333333,0.0833333333333333,17.166666666666668,199.7,16.641666666666666,Nick Chubb,2020.0,9.5,3.6756887387039714,30.40208215130816,3.0579348532333537,31.166666666666668,174.25,5.475661450119655,2.0,24.0,122.32181649732634,48.76151683600699,1.4727892844093489,0.3805872603710414,1259.0,174.0,205.3,14.664285714285716
Nick Chubb,HOU,RB,26.0,14.0,14.0,228.0,1259.0,8.0,5.521929824561403,20.0,174.0,1.0,8.7,2.0,1.0,2021,0.8235294117647058,1.0,1.0,0.0,248.0,16.285714285714285,89.92857142857143,0.5714285714285714,1.4285714285714286,12.428571428571429,0.0714285714285714,0.1428571428571428,0.0714285714285714,17.714285714285715,205.3,14.664285714285716,Nick Chubb,2021.0,8.076923076923077,3.722385255441748,26.99007699125481,3.144674727553744,33.76923076923077,188.0,5.7782994807274655,1.2307692307692308,24.0,145.39576222320375,37.835007007565466,1.2646402525238694,0.4388649219794682,1525.0,239.0,265.9,15.641176470588237
Nick Chubb,HOU,RB,27.0,17.0,17.0,302.0,1525.0,12.0,5.049668874172186,27.0,239.0,1.0,8.851851851851851,1.0,1.0,2022,1.0,1.0,1.0,0.0,329.0,17.764705882352942,89.70588235294117,0.7058823529411765,1.588235294117647,14.058823529411764,0.0588235294117647,0.0588235294117647,0.0588235294117647,19.352941176470587,265.9,15.641176470588237,Nick Chubb,2022.0,9.0,4.301819109781496,27.720861447240484,3.0937828645414966,33.55555555555556,169.44444444444446,5.077836975673888,1.3333333333333333,24.0,137.63850254635034,31.583719675871887,1.0207237177881674,0.4234071489109883,170.0,21.0,21.1,10.55
Nick Chubb,HOU,RB,28.0,2.0,2.0,28.0,170.0,0.0,6.071428571428571,4.0,21.0,0.0,5.25,0.0,0.0,2023,0.1176470588235294,1.0,0.0,0.0,32.0,14.0,85.0,0.0,2.0,10.5,0.0,0.0,0.0,16.0,21.1,10.55,Nick Chubb,2023.0,1.5,3.1280955188679247,26.11111111111111,2.9485833333333336,14.0,85.0,6.144444444444445,0.0,24.0,55.87997936898657,29.120020631013432,2.342346508890196,0.6277777777777778,332.0,31.0,60.8,7.6
Rachaad White,TB,RB,23.0,17.0,8.0,129.0,481.0,1.0,3.728682170542636,50.0,290.0,2.0,5.8,3.0,3.0,2022,1.0,0.4705882352941176,0.0,0.0,179.0,7.588235294117647,28.294117647058822,0.0588235294117647,2.9411764705882355,17.058823529411764,0.1176470588235294,0.1764705882352941,0.1764705882352941,10.529411764705882,114.1,6.711764705882352,Rachaad White,2022.0,11.333333333333334,4.146888062397931,22.88931998234324,2.8179259655377304,33.333333333333336,127.66666666666669,3.805845962822707,0.1666666666666666,29.0,130.68158985964422,-3.0149231929775606,-0.1248256289836618,0.3585458469179399,990.0,549.0,235.9,13.876470588235296
Rachaad White,TB,RB,24.0,17.0,17.0,272.0,990.0,6.0,3.639705882352941,64.0,549.0,3.0,8.578125,3.0,2.0,2023,1.0,1.0,0.0,0.0,336.0,16.0,58.23529411764706,0.3529411764705882,3.764705882352941,32.294117647058826,0.1764705882352941,0.1764705882352941,0.1176470588235294,19.764705882352946,235.9,13.876470588235296,Rachaad White,2023.0,9.4,4.248389388159908,18.03391094629485,2.670864493385871,34.6,125.66666666666669,3.62608379889804,0.7333333333333333,1.0,134.72683063422406,-14.59349730089072,-0.4753813833813876,0.3538079557181724,613.0,393.0,174.10000000000002,10.88125
Raheem Mostert,LV,RB,26.0,9.0,0.0,34.0,261.0,1.0,7.676470588235294,6.0,25.0,0.0,4.166666666666667,1.0,1.0,2018,0.5625,0.0,0.0,0.0,40.0,3.7777777777777777,29.0,0.1111111111111111,0.6666666666666666,2.7777777777777777,0.0,0.1111111111111111,0.1111111111111111,4.444444444444445,35.6,3.955555555555556,Raheem Mostert,2018.0,6.0,2.9428735632183907,16.666666666666664,2.8214545454545448,12.0,87.0,7.25,0.0,31.0,50.10979138992189,36.89020861007811,3.074184050839843,0.5,772.0,180.0,158.2,9.8875
Raheem Mostert,LV,RB,27.0,16.0,0.0,137.0,772.0,8.0,5.635036496350365,14.0,180.0,2.0,12.857142857142858,2.0,2.0,2019,1.0,0.0,0.0,0.0,151.0,8.5625,48.25,0.5,0.875,11.25,0.125,0.125,0.125,9.4375,158.2,9.8875,Raheem Mostert,2019.0,10.0,3.357563455863165,34.09603026631456,2.831656281057444,28.25,164.125,5.945315051992443,1.75,31.0,147.63365373005678,10.991346269943229,0.4480087390386396,0.4202129559037453,521.0,156.0,91.7,11.4625
Raheem Mostert,LV,RB,28.0,8.0,8.0,104.0,521.0,2.0,5.009615384615385,16.0,156.0,1.0,9.75,1.0,1.0,2020,0.5,1.0,0.0,0.0,120.0,13.0,65.125,0.25,2.0,19.5,0.125,0.125,0.125,15.0,91.7,11.4625,Raheem Mostert,2020.0,7.571428571428571,4.2800553177360845,16.842264877979165,2.889437360693265,27.285714285714285,129.71428571428572,4.705113758790229,0.4285714285714285,31.0,123.2295388040085,5.913318338848649,0.0946704802245657,0.377108840005552,20.0,0.0,2.0,2.0
Raheem Mostert,LV,RB,30.0,16.0,14.0,181.0,891.0,3.0,4.922651933701657,31.0,202.0,2.0,6.516129032258065,1.0,1.0,2022,0.9411764705882352,0.875,0.0,0.0,212.0,11.3125,55.6875,0.1875,1.9375,12.625,0.125,0.0625,0.0625,13.25,152.8,9.55,Raheem Mostert,2022.0,7.9,3.8345684909628814,13.491984764774818,2.833893814279272,30.8,156.0,5.1263903737453465,0.4,31.0,153.39447375828485,1.805526241715164,0.104910768144389,0.3467810457516339,1012.0,175.0,255.2,17.013333333333332
Raheem Mostert,LV,RB,31.0,15.0,15.0,209.0,1012.0,18.0,4.842105263157895,25.0,175.0,3.0,7.0,4.0,1.0,2023,0.8823529411764706,1.0,1.0,0.0,234.0,13.933333333333334,67.46666666666667,1.2,1.6666666666666667,11.666666666666666,0.2,0.2666666666666666,0.0666666666666666,15.6,255.2,17.013333333333332,Raheem Mostert,2023.0,8.214285714285714,4.426146817784467,15.47823018300683,2.919570343895134,28.714285714285715,140.71428571428572,4.966424937046344,2.571428571428572,31.0,121.47435074831807,17.811363537396197,0.6406222154747575,0.4045129055209852,278.0,161.0,61.4,4.723076923076923
Rhamondre Stevenson,NE,RB,23.0,12.0,2.0,133.0,606.0,5.0,4.556390977443609,14.0,123.0,0.0,8.785714285714286,2.0,1.0,2021,0.7058823529411765,0.1666666666666666,0.0,0.0,147.0,11.083333333333334,50.5,0.4166666666666667,1.1666666666666667,10.25,0.0,0.1666666666666666,0.0833333333333333,12.25,107.9,8.991666666666665,Rhamondre Stevenson,2021.0,10.0,3.838662337865652,38.513969583048535,2.746165579436903,29.875,135.125,4.50985987696514,1.125,38.0,119.07156559819704,15.55343440180294,0.4291576265171508,0.4260217304625199,1040.0,421.0,214.6,12.623529411764704
Rhamondre Stevenson,NE,RB,24.0,17.0,7.0,210.0,1040.0,5.0,4.9523809523809526,69.0,421.0,1.0,6.101449275362318,4.0,1.0,2022,1.0,0.4117647058823529,0.0,0.0,279.0,12.352941176470589,61.1764705882353,0.2941176470588235,4.0588235294117645,24.764705882352946,0.0588235294117647,0.2352941176470588,0.0588235294117647,16.41176470588235,214.6,12.623529411764704,Rhamondre Stevenson,2022.0,8.083333333333334,3.82971986551981,17.462825186509395,2.7109149964238366,31.58333333333333,155.66666666666666,4.7222176471189625,0.8333333333333334,38.0,133.90050260318614,19.599497396813856,0.5197887042808297,0.3783296811547585,619.0,238.0,126.7,10.558333333333334
Rhamondre Stevenson,NE,RB,25.0,12.0,12.0,156.0,619.0,4.0,3.967948717948718,38.0,238.0,0.0,6.2631578947368425,1.0,1.0,2023,0.7058823529411765,1.0,0.0,0.0,194.0,13.0,51.583333333333336,0.3333333333333333,3.1666666666666665,19.83333333333333,0.0,0.0833333333333333,0.0833333333333333,16.166666666666668,126.7,10.558333333333334,Rhamondre Stevenson,2023.0,5.111111111111111,3.856413344575527,15.407964355332776,2.500597396025028,30.77777777777778,117.11111111111111,3.5777113724482144,0.7777777777777778,38.0,121.62429799011812,-7.624297990118129,-0.5206609700780205,0.3469421989545828,801.0,168.0,155.4,10.36
Rico Dowdle,CAR,RB,25.0,16.0,0.0,89.0,361.0,2.0,4.056179775280899,17.0,144.0,2.0,8.470588235294118,0.0,0.0,2023,0.9411764705882352,0.0,0.0,0.0,106.0,5.5625,22.5625,0.125,1.0625,9.0,0.125,0.0,0.0,6.625,83.0,5.1875,Rico Dowdle,2023.0,12.0,3.281147495872317,16.666666666666664,2.408712121212121,12.0,62.5,5.208333333333333,1.0,23.0,56.39438397943526,6.105616020564736,0.5088013350470613,0.4583333333333333,1079.0,249.0,178.3,11.14375
Roschon Johnson,CHI,RB,22.0,15.0,0.0,81.0,352.0,2.0,4.345679012345679,34.0,209.0,0.0,6.147058823529412,1.0,0.0,2023,0.8823529411764706,0.0,0.0,0.0,115.0,5.4,23.466666666666665,0.1333333333333333,2.2666666666666666,13.933333333333334,0.0,0.0666666666666666,0.0,7.666666666666667,85.10000000000001,5.673333333333334,Roschon Johnson,2023.0,12.0,4.191142857142858,20.0,2.944222222222222,10.0,35.0,3.5,0.0,23.0,37.31131433504196,-2.311314335041964,-0.2311314335041963,0.5,150.0,104.0,69.4,4.957142857142857
Samaje Perine,CIN,RB,22.0,16.0,8.0,175.0,603.0,1.0,3.4457142857142857,22.0,182.0,1.0,8.272727272727273,2.0,2.0,2017,1.0,0.5,0.0,0.0,197.0,10.9375,37.6875,0.0625,1.375,11.375,0.0625,0.125,0.125,12.3125,97.5,6.093750000000001,Samaje Perine,2017.0,9.555555555555555,4.816285391040791,39.69974203767446,2.820693070144217,35.77777777777778,123.22222222222224,3.3381100805437867,0.2222222222222222,32.0,,,,,32.0,5.0,5.2,1.04
Samaje Perine,CIN,RB,25.0,16.0,1.0,63.0,301.0,3.0,4.777777777777778,11.0,66.0,0.0,6.0,0.0,0.0,2020,1.0,0.0625,0.0,0.0,74.0,3.9375,18.8125,0.1875,0.6875,4.125,0.0,0.0,0.0,4.625,60.2,3.7625,Samaje Perine,2020.0,12.666666666666666,3.664846491228072,13.333333333333334,2.5556267806267807,11.0,53.0,4.56923076923077,1.0,34.0,34.59753597887971,17.40246402112028,1.333759769306231,0.4125356125356125,246.0,196.0,69.7,4.35625
Samaje Perine,CIN,RB,26.0,16.0,0.0,55.0,246.0,1.0,4.472727272727273,27.0,196.0,1.0,7.2592592592592595,0.0,0.0,2021,0.9411764705882352,0.0,0.0,0.0,82.0,3.4375,15.375,0.0625,1.6875,12.25,0.0625,0.0,0.0,5.125,69.7,4.35625,Samaje Perine,2021.0,6.0,3.301161994784876,50.0,2.8078,11.0,55.5,5.045454545454546,0.5,34.0,30.97718461634672,24.52281538365328,2.229346853059389,0.6363636363636364,394.0,287.0,123.1,7.69375
Samaje Perine,CIN,RB,27.0,16.0,2.0,95.0,394.0,2.0,4.147368421052631,38.0,287.0,4.0,7.552631578947368,0.0,0.0,2022,0.9411764705882352,0.125,0.0,0.0,133.0,5.9375,24.625,0.125,2.375,17.9375,0.25,0.0,0.0,8.3125,123.1,7.69375,Samaje Perine,2022.0,9.0,4.030493590145833,24.334298312626487,2.585565168539326,36.0,147.0,3.8335062254566896,0.75,34.0,151.89210952731105,-5.892109527311058,-0.2635622473343731,0.4345773125497781,238.0,455.0,96.3,5.664705882352941
Saquon Barkley,PHI,RB,21.0,16.0,16.0,261.0,1307.0,11.0,5.007662835249042,91.0,721.0,4.0,7.923076923076923,0.0,0.0,2018,1.0,1.0,1.0,0.0,352.0,16.3125,81.6875,0.6875,5.6875,45.0625,0.25,0.0,0.0,22.0,338.3,21.14375,Saquon Barkley,2018.0,8.470588235294118,4.308612099555893,22.84413118114347,2.972526435220391,30.705882352941178,153.76470588235293,5.074317126372371,1.2941176470588236,26.0,105.92425899590545,46.428682180565154,1.598076725668652,0.3907986282036823,1003.0,438.0,218.1,16.77692307692308
Saquon Barkley,PHI,RB,22.0,13.0,13.0,217.0,1003.0,6.0,4.622119815668203,52.0,438.0,2.0,8.423076923076923,1.0,0.0,2019,0.8125,1.0,0.0,0.0,269.0,16.692307692307693,77.15384615384616,0.4615384615384615,4.0,33.69230769230769,0.1538461538461538,0.0769230769230769,0.0,20.692307692307693,218.1,16.77692307692308,Saquon Barkley,2019.0,9.538461538461538,14.784013350632735,12.439170094698678,2.9170403238448164,32.76923076923077,153.53846153846155,4.716284768562961,0.9230769230769232,26.0,134.87017951867367,17.43751278901864,0.6280192687871821,0.3700794741542565,34.0,60.0,12.4,6.2
Saquon Barkley,PHI,RB,23.0,2.0,2.0,19.0,34.0,0.0,1.7894736842105263,6.0,60.0,0.0,10.0,0.0,0.0,2020,0.125,1.0,0.0,0.0,25.0,9.5,17.0,0.0,3.0,30.0,0.0,0.0,0.0,12.5,12.4,6.2,Saquon Barkley,2020.0,1.0,39.255,0.0,3.5707142857142857,15.0,6.0,0.4,0.0,26.0,33.021682623649085,-27.021682623649085,-1.8014455082432723,0.2,593.0,263.0,128.10000000000002,9.853846153846156
Saquon Barkley,PHI,RB,24.0,13.0,13.0,162.0,593.0,2.0,3.6604938271604937,41.0,263.0,2.0,6.414634146341464,2.0,1.0,2021,0.7647058823529411,1.0,0.0,0.0,203.0,12.461538461538462,45.61538461538461,0.1538461538461538,3.1538461538461537,20.23076923076923,0.1538461538461538,0.1538461538461538,0.0769230769230769,15.615384615384617,128.10000000000002,9.853846153846156,Saquon Barkley,2021.0,9.583333333333334,4.369414207130485,19.94743810716033,2.885982919298051,26.33333333333333,96.0,3.580051211648433,0.3333333333333333,26.0,102.78246930355036,-7.282469303550363,-0.3266757599681096,0.3010711661526878,1312.0,338.0,253.50000000000003,15.843750000000002
Saquon Barkley,PHI,RB,25.0,16.0,16.0,295.0,1312.0,10.0,4.447457627118644,57.0,338.0,0.0,5.9298245614035086,1.0,0.0,2022,0.9411764705882352,1.0,1.0,0.0,352.0,18.4375,82.0,0.625,3.5625,21.125,0.0,0.0625,0.0,22.0,253.50000000000003,15.843750000000002,Saquon Barkley,2022.0,8.125,4.126501248245728,19.068662622688045,2.7014054974633903,36.3125,162.25,4.524678305261958,1.25,26.0,146.29164250799192,14.333357492008057,0.496747595976315,0.3373029728737459,962.0,280.0,200.7,14.335714285714284
Saquon Barkley,PHI,RB,26.0,14.0,14.0,247.0,962.0,6.0,3.8947368421052633,41.0,280.0,4.0,6.829268292682927,2.0,2.0,2023,0.8235294117647058,1.0,0.0,0.0,288.0,17.642857142857142,68.71428571428571,0.4285714285714285,2.9285714285714284,20.0,0.2857142857142857,0.1428571428571428,0.1428571428571428,20.571428571428573,200.7,14.335714285714284,Saquon Barkley,2023.0,9.357142857142858,3.842684637739552,16.634898693385704,2.7169867621139643,34.642857142857146,136.42857142857142,4.071106120086948,0.8571428571428571,26.0,119.29918524500052,14.415100469285202,0.6032517502075107,0.3840084947022287,2005.0,278.0,332.8,20.8
Tank Bigsby,JAX,RB,22.0,17.0,0.0,50.0,132.0,2.0,2.64,1.0,6.0,0.0,6.0,2.0,2.0,2023,1.0,0.0,0.0,0.0,51.0,2.9411764705882355,7.764705882352941,0.1176470588235294,0.0588235294117647,0.3529411764705882,0.0,0.1176470588235294,0.1176470588235294,3.0,22.300000000000004,1.3117647058823532,Tank Bigsby,2023.0,17.0,4.339375,10.0,2.2195,10.0,32.0,3.2,0.0,4.0,33.31671435164777,-1.316714351647768,-0.1316714351647768,0.4,766.0,54.0,125.5,7.843750000000001
Tony Pollard,TEN,RB,22.0,15.0,0.0,86.0,455.0,2.0,5.290697674418604,15.0,107.0,1.0,7.133333333333334,1.0,1.0,2019,0.9375,0.0,0.0,0.0,101.0,5.733333333333333,30.33333333333333,0.1333333333333333,1.0,7.133333333333334,0.0666666666666666,0.0666666666666666,0.0666666666666666,6.733333333333333,79.7,5.3133333333333335,Tony Pollard,2019.0,7.2,3.9385922372718576,5.635062611806798,2.990749696969697,27.6,154.6,6.052461879206065,0.8,20.0,114.2858395151036,33.51416048489642,1.5169053593027189,0.5024970963995354,435.0,193.0,106.8,6.675
Tony Pollard,TEN,RB,23.0,16.0,2.0,101.0,435.0,4.0,4.306930693069307,28.0,193.0,1.0,6.892857142857143,0.0,0.0,2020,1.0,0.125,0.0,0.0,129.0,6.3125,27.1875,0.25,1.75,12.0625,0.0625,0.0,0.0,8.0625,106.8,6.675,Tony Pollard,2020.0,8.75,3.9363197997775305,27.64251425142514,2.774664054336468,33.5,143.5,4.175596309630963,1.5,20.0,127.52472765182198,13.725272348178024,0.90970853898354,0.3877525252525252,719.0,337.0,137.10000000000002,9.140000000000002
Tony Pollard,TEN,RB,24.0,15.0,0.0,130.0,719.0,2.0,5.530769230769231,39.0,337.0,0.0,8.64102564102564,2.0,0.0,2021,0.8823529411764706,0.0,0.0,0.0,169.0,8.666666666666666,47.93333333333333,0.1333333333333333,2.6,22.466666666666665,0.0,0.1333333333333333,0.0,11.266666666666667,137.10000000000002,9.140000000000002,Tony Pollard,2021.0,6.333333333333333,3.5396212605233,18.83135383135384,2.8994531835571835,24.55555555555556,135.88888888888889,5.456880156880157,0.3333333333333333,20.0,112.66210403208032,20.56011819014192,0.8961336204028917,0.4374810374810374,1007.0,371.0,229.3,14.33125
Tony Pollard,TEN,RB,25.0,16.0,4.0,193.0,1007.0,9.0,5.217616580310881,39.0,371.0,3.0,9.512820512820513,0.0,0.0,2022,0.9411764705882352,0.25,1.0,0.0,232.0,12.0625,62.9375,0.5625,2.4375,23.1875,0.1875,0.0,0.0,14.5,229.3,14.33125,Tony Pollard,2022.0,9.0,3.4827071112878425,22.07672943969644,2.9155070571815545,30.818181818181817,166.63636363636363,5.744817302669895,1.4545454545454546,20.0,126.18658460670794,40.44977902965571,1.60033184001756,0.4195228288306603,1005.0,311.0,193.1,11.358823529411763
Tony Pollard,TEN,RB,26.0,17.0,17.0,252.0,1005.0,6.0,3.988095238095238,55.0,311.0,0.0,5.654545454545454,3.0,1.0,2023,1.0,1.0,0.0,0.0,307.0,14.823529411764708,59.11764705882353,0.3529411764705882,3.235294117647059,18.294117647058822,0.0,0.1764705882352941,0.0588235294117647,18.058823529411764,193.1,11.358823529411763,Tony Pollard,2023.0,9.352941176470589,3.949750112167736,9.656012618176,2.629888162326641,29.176470588235293,116.52941176470588,4.064726266662478,0.7058823529411765,20.0,113.41494826033656,-3.826712966218913,-0.1166350872592517,0.3643018687636142,1079.0,238.0,178.20000000000002,11.1375
Ty Johnson,BUF,RB,22.0,16.0,1.0,63.0,273.0,0.0,4.333333333333333,24.0,109.0,0.0,4.541666666666667,1.0,1.0,2019,1.0,0.0625,0.0,0.0,87.0,3.9375,17.0625,0.0,1.5,6.8125,0.0,0.0625,0.0625,5.4375,48.2,3.0125,Ty Johnson,2019.0,7.0,5.204827586206897,20.0,2.600888888888889,10.0,29.0,2.9,0.0,31.0,40.80922381579576,-11.80922381579576,-1.1809223815795762,0.2,254.0,99.0,55.3,4.253846153846154
Ty Johnson,BUF,RB,23.0,13.0,1.0,54.0,254.0,1.0,4.703703703703703,16.0,99.0,1.0,6.1875,0.0,0.0,2020,0.8125,0.0769230769230769,0.0,0.0,70.0,4.153846153846154,19.53846153846154,0.0769230769230769,1.2307692307692308,7.615384615384615,0.0769230769230769,0.0,0.0,5.384615384615385,55.3,4.253846153846154,Ty Johnson,2020.0,15.0,4.013330128205128,15.90909090909091,2.5747954545454546,16.5,74.5,4.40909090909091,0.5,25.0,72.88088167256467,-0.8808816725646724,-0.1287139057829027,0.3506493506493506,238.0,372.0,100.0,6.25
Ty Johnson,BUF,RB,24.0,16.0,3.0,61.0,238.0,2.0,3.901639344262295,34.0,372.0,2.0,10.941176470588236,2.0,1.0,2021,0.9411764705882352,0.1875,0.0,0.0,95.0,3.8125,14.875,0.125,2.125,23.25,0.125,0.125,0.0625,5.9375,100.0,6.25,Ty Johnson,2021.0,2.0,3.9372,41.66666666666667,2.4962727272727268,12.0,50.0,4.166666666666667,0.0,25.0,42.355320558214345,5.644679441785655,0.5131526765259686,0.3636363636363636,160.0,88.0,36.8,2.164705882352941
Tyjae Spears,TEN,RB,22.0,17.0,1.0,100.0,453.0,2.0,4.53,52.0,385.0,1.0,7.403846153846154,1.0,0.0,2023,1.0,0.0588235294117647,0.0,0.0,152.0,5.882352941176471,26.647058823529413,0.1176470588235294,3.0588235294117645,22.647058823529413,0.0588235294117647,0.0588235294117647,0.0,8.941176470588236,127.8,7.51764705882353,Tyjae Spears,2023.0,6.5,3.470607505518764,12.25,2.672685064935065,58.0,264.0,4.608750000000001,1.0,32.0,268.14285031712006,-13.142850317120065,-0.449610888630922,0.2899484536082474,312.0,224.0,98.6,8.216666666666667
Tyler Allgeier,ATL,RB,22.0,16.0,7.0,210.0,1035.0,3.0,4.928571428571429,16.0,139.0,1.0,8.6875,0.0,0.0,2022,0.9411764705882352,0.4375,0.0,0.0,226.0,13.125,64.6875,0.1875,1.0,8.6875,0.0625,0.0,0.0,14.125,149.4,9.3375,Tyler Allgeier,2022.0,9.428571428571429,4.069969214758734,38.98883212958843,2.860562245044538,28.428571428571427,140.71428571428572,5.083749770304392,0.4285714285714285,25.0,116.00322188012096,17.853920977021914,0.6227199466826118,0.4305240340279125,683.0,193.0,126.6,7.447058823529411
Tyler Allgeier,ATL,RB,23.0,17.0,3.0,186.0,683.0,4.0,3.672043010752688,18.0,193.0,1.0,10.72222222222222,0.0,0.0,2023,1.0,0.1764705882352941,0.0,0.0,204.0,10.941176470588236,40.1764705882353,0.2352941176470588,1.0588235294117647,11.352941176470589,0.0588235294117647,0.0,0.0,12.0,126.6,7.447058823529411,Tyler Allgeier,2023.0,6.333333333333333,4.747074021919295,33.535587242892746,2.9402216727716723,33.77777777777778,122.66666666666669,3.7357634037899694,0.7777777777777778,25.0,131.7445833394435,-11.855694450554603,-0.3438570893123227,0.3860402514408039,644.0,88.0,97.7,5.747058823529412
Zach Charbonnet,SEA,RB,22.0,16.0,2.0,108.0,462.0,1.0,4.277777777777778,33.0,209.0,0.0,6.333333333333333,0.0,0.0,2023,0.9411764705882352,0.125,0.0,0.0,141.0,6.75,28.875,0.0625,2.0625,13.0625,0.0,0.0,0.0,8.8125,89.60000000000001,5.6000000000000005,Zach Charbonnet,2023.0,9.0,4.336625495072304,18.15267335004177,2.9466319158272283,39.0,154.0,3.4815371762740184,0.5,26.0,152.49363491286348,-4.493634912863491,-0.5897584170670731,0.3740341419586702,569.0,340.0,165.9,9.758823529411766
Zack Moss,CIN,RB,23.0,13.0,0.0,112.0,481.0,4.0,4.294642857142857,14.0,95.0,1.0,6.785714285714286,0.0,0.0,2020,0.8125,0.0,0.0,0.0,126.0,8.615384615384615,37.0,0.3076923076923077,1.0769230769230769,7.3076923076923075,0.0769230769230769,0.0,0.0,9.692307692307692,94.6,7.276923076923077,Zack Moss,2020.0,10.6,3.503811420873844,13.406593406593409,2.7229101261483617,32.8,148.6,4.873763736263736,1.4,20.0,129.63743922985495,9.762560770145049,0.7540543941947366,0.4554538054538055,345.0,197.0,93.7,7.207692307692308
Zack Moss,CIN,RB,24.0,13.0,0.0,96.0,345.0,4.0,3.59375,23.0,197.0,1.0,8.565217391304348,2.0,1.0,2021,0.7647058823529411,0.0,0.0,0.0,119.0,7.384615384615385,26.53846153846154,0.3076923076923077,1.7692307692307692,15.153846153846152,0.0769230769230769,0.1538461538461538,0.0769230769230769,9.153846153846152,93.7,7.207692307692308,Zack Moss,2021.0,3.0,3.884094412391722,21.229811854811853,2.784180747126437,33.5,125.75,3.982478459040959,1.25,20.0,149.48201252655306,-23.732012526553063,-0.5723899139951398,0.364890318015318,456.0,39.0,59.0,4.538461538461538
Zack Moss,CIN,RB,25.0,13.0,3.0,93.0,456.0,1.0,4.903225806451613,11.0,39.0,0.0,3.5454545454545454,1.0,1.0,2022,0.7647058823529411,0.2307692307692307,0.0,0.0,104.0,7.153846153846154,35.07692307692308,0.0769230769230769,0.8461538461538461,3.0,0.0,0.0769230769230769,0.0769230769230769,8.0,59.0,4.538461538461538,Zack Moss,2022.0,13.2,3.3962507292042377,15.017921146953404,2.7095763153201355,32.4,158.0,4.992311827956989,0.4,21.0,151.7639659860884,6.236034013911607,0.1579881557108429,0.4272759856630824,794.0,192.0,154.10000000000002,11.007142857142858
Zack Moss,CIN,RB,26.0,14.0,8.0,183.0,794.0,5.0,4.33879781420765,27.0,192.0,2.0,7.111111111111111,0.0,0.0,2023,0.8235294117647058,0.5714285714285714,0.0,0.0,210.0,13.071428571428571,56.71428571428572,0.3571428571428571,1.9285714285714288,13.714285714285714,0.1428571428571428,0.0,0.0,15.0,154.10000000000002,11.007142857142858,Zack Moss,2023.0,6.222222222222222,3.7078715888829614,13.50894879398962,2.69279319891884,37.0,160.11111111111111,4.262430960995441,1.0,21.0,132.49465001538476,27.172016651281925,0.6756435078791332,0.4025287536558217,242.0,187.0,70.4,8.8
