Name,Team,Pos,Age,G,GS,Rec_Rec,Rec_Yds,Rec_TD,Rec_Y/R,Fmb,FmbLost,Year,games_played_pct,games_started_pct,ProBowl,AllPro,Touches,Rec_Rec_per_game,Rec_Yds_per_game,Rec_TD_per_game,Fmb_per_game,FmbLost_per_game,Touches_per_game,Points_half-ppr,PPG_half-ppr,player_display_name,season,week,avg_cushion,avg_separation,avg_intended_air_yards,percent_share_of_intended_air_yards,receptions,targets,catch_percentage,yards,rec_touchdowns,avg_yac,avg_expected_yac,avg_yac_above_expectation,player_jersey_number,next_year_Rec_Yds,next_year_Points_half-ppr,next_year_PPG_half-ppr
Cade Otton,TB,TE,23.0,16.0,11.0,42.0,391.0,2.0,9.30952380952381,0.0,0.0,2022,0.9411764705882352,0.6875,0.0,0.0,42.0,2.625,24.4375,0.125,0.0,0.0,2.625,72.1,4.50625,Cade Otton,2022.0,9.88888888888889,6.443937106918239,3.31815657543182,5.529815221815222,10.48171356450974,8.11111111111111,12.88888888888889,61.72975172975173,74.0,0.4444444444444444,4.479248677248677,4.107208423347999,0.3720402539006776,88.0,455.0,91.0,5.352941176470588
Cade Otton,TB,TE,24.0,17.0,17.0,47.0,455.0,4.0,9.680851063829786,1.0,1.0,2023,1.0,1.0,0.0,0.0,47.0,2.764705882352941,26.764705882352946,0.2352941176470588,0.0588235294117647,0.0588235294117647,2.764705882352941,91.0,5.352941176470588,Cade Otton,2023.0,8.5,6.7496375,3.1702491385686726,6.747916252072969,14.044814884998036,9.5,13.75,67.51865671641791,88.125,0.875,3.62721010638298,3.391630176474849,0.2355799299081301,88.0,600.0,111.1,7.935714285714285
Chigoziem Okonkwo,TEN,TE,23.0,17.0,8.0,32.0,450.0,3.0,14.0625,0.0,0.0,2022,1.0,0.4705882352941176,0.0,0.0,35.0,1.8823529411764703,26.47058823529412,0.1764705882352941,0.0,0.0,2.0588235294117645,79.2,4.658823529411765,Chigoziem Okonkwo,2022.0,10.8,7.349333333333334,3.243117808333289,6.577142028985508,13.912660498786945,9.8,13.4,77.91304347826087,130.4,0.8,7.294312500000001,5.215823817062569,2.078488682937432,85.0,528.0,86.4,5.082352941176471
Chigoziem Okonkwo,TEN,TE,24.0,17.0,11.0,54.0,528.0,1.0,9.77777777777778,0.0,0.0,2023,1.0,0.6470588235294118,0.0,0.0,56.0,3.176470588235294,31.058823529411764,0.0588235294117647,0.0,0.0,3.294117647058824,86.4,5.082352941176471,Chigoziem Okonkwo,2023.0,9.75,5.0861592261904764,3.902482237702405,7.0414776334776334,17.07866652130528,10.5,15.125,69.34163059163059,103.375,0.25,5.222250000000001,5.536231065163291,-0.3139810651632897,85.0,479.0,85.60000000000001,5.03529411764706
Dallas Goedert,PHI,TE,23.0,16.0,8.0,33.0,334.0,4.0,10.12121212121212,0.0,0.0,2018,1.0,0.5,0.0,0.0,33.0,2.0625,20.875,0.25,0.0,0.0,2.0625,73.9,4.61875,Dallas Goedert,2018.0,6.0,5.413357843137256,3.451723907162583,7.837131493506493,14.35701870803171,12.0,15.25,83.75,123.5,1.75,5.8692586580086585,5.081303181563923,0.7879554764447352,88.0,607.0,115.7,7.713333333333334
Dallas Goedert,PHI,TE,24.0,15.0,9.0,58.0,607.0,5.0,10.46551724137931,2.0,2.0,2019,0.9375,0.6,0.0,0.0,58.0,3.866666666666666,40.46666666666667,0.3333333333333333,0.1333333333333333,0.1333333333333333,3.866666666666666,115.7,7.713333333333334,Dallas Goedert,2019.0,11.0,5.89731031090122,3.062551760622969,5.139676784455855,14.817336092575704,9.727272727272728,14.363636363636363,68.21982281284608,100.1818181818182,0.7272727272727273,6.304208090759815,5.257705061683436,1.046503029076379,88.0,524.0,93.4,8.490909090909092
Dallas Goedert,PHI,TE,25.0,11.0,9.0,46.0,524.0,3.0,11.391304347826088,0.0,0.0,2020,0.6875,0.8181818181818182,0.0,0.0,46.0,4.181818181818182,47.63636363636363,0.2727272727272727,0.0,0.0,4.181818181818182,93.4,8.490909090909092,Dallas Goedert,2020.0,8.666666666666666,6.579953703703704,2.7506832491818165,8.83338305521639,20.78850919945453,9.666666666666666,13.88888888888889,68.6392619725953,109.77777777777776,0.6666666666666666,4.071022256728778,3.8607472217424377,0.2102750349863411,88.0,830.0,135.0,9.0
Dallas Goedert,PHI,TE,26.0,15.0,14.0,56.0,830.0,4.0,14.821428571428571,1.0,0.0,2021,0.8823529411764706,0.9333333333333332,0.0,0.0,56.0,3.733333333333333,55.333333333333336,0.2666666666666666,0.0666666666666666,0.0,3.733333333333333,135.0,9.0,Dallas Goedert,2021.0,8.5,6.078885714285715,3.499363031778066,9.181906077694237,27.13197918084044,10.1,13.4,77.5390559732665,148.6,0.8,6.35455119047619,5.12232189262261,1.2322292978535807,88.0,702.0,113.7,9.475
Dallas Goedert,PHI,TE,27.0,12.0,12.0,55.0,702.0,3.0,12.763636363636364,1.0,1.0,2022,0.7058823529411765,1.0,0.0,0.0,55.0,4.583333333333333,58.5,0.25,0.0833333333333333,0.0833333333333333,4.583333333333333,113.7,9.475,Dallas Goedert,2022.0,7.666666666666667,6.078450336700337,3.7375180392007374,6.156983245149912,21.081619902179632,10.88888888888889,13.77777777777778,77.02246760217776,136.44444444444446,0.4444444444444444,7.36834090909091,6.45025727304149,0.9180836360494182,88.0,592.0,106.8,7.628571428571429
Dallas Goedert,PHI,TE,28.0,14.0,14.0,59.0,592.0,3.0,10.033898305084746,0.0,0.0,2023,0.8235294117647058,1.0,0.0,0.0,60.0,4.214285714285714,42.285714285714285,0.2142857142857142,0.0,0.0,4.285714285714286,106.8,7.628571428571429,Dallas Goedert,2023.0,7.9,6.710373222912354,3.1624850963133824,5.032512856186651,13.804071569615662,10.8,15.0,74.23144960795562,107.5,0.6,5.547193704600485,4.550179548967833,0.9970141556326514,88.0,496.0,82.6,8.26
Dalton Kincaid,BUF,TE,24.0,16.0,11.0,73.0,673.0,2.0,9.219178082191782,1.0,1.0,2023,0.9411764705882352,0.6875,0.0,0.0,73.0,4.5625,42.0625,0.125,0.0625,0.0625,4.5625,113.8,7.1125,Dalton Kincaid,2023.0,9.333333333333334,6.147289892596855,3.697238903879241,6.500215472027972,16.91167428019259,11.416666666666666,14.166666666666666,80.45121545121545,107.58333333333331,0.3333333333333333,4.608337654924983,4.52221030995463,0.086127344970353,86.0,448.0,78.80000000000001,6.061538461538462
Dalton Schultz,HOU,TE,24.0,16.0,14.0,63.0,615.0,4.0,9.761904761904765,1.0,1.0,2020,1.0,0.875,0.0,0.0,63.0,3.9375,38.4375,0.25,0.0625,0.0625,3.9375,115.0,7.1875,Dalton Schultz,2020.0,7.2,6.359373937532002,3.07423713697236,6.816145291599786,15.255606185471327,11.0,15.4,72.6262707330123,107.8,0.7,4.592723809523809,3.443076992145163,1.1496468173786465,86.0,808.0,167.8,9.870588235294118
Dalton Schultz,HOU,TE,25.0,17.0,15.0,78.0,808.0,8.0,10.35897435897436,0.0,0.0,2021,1.0,0.8823529411764706,0.0,0.0,78.0,4.588235294117647,47.52941176470589,0.4705882352941176,0.0,0.0,4.588235294117647,167.8,9.870588235294118,Dalton Schultz,2021.0,8.571428571428571,5.4678721340388,3.55254308790986,6.915896956218384,15.9152798755465,10.642857142857142,14.142857142857142,76.38321995464852,111.35714285714286,1.0,4.841072802197803,4.667642257668776,0.1734305445290268,86.0,577.0,114.2,7.613333333333333
Dalton Schultz,HOU,TE,26.0,15.0,15.0,57.0,577.0,5.0,10.12280701754386,1.0,1.0,2022,0.8823529411764706,1.0,0.0,0.0,57.0,3.8,38.46666666666667,0.3333333333333333,0.0666666666666666,0.0666666666666666,3.8,114.2,7.613333333333333,Dalton Schultz,2022.0,9.9,6.161349861973775,2.9865065718889765,7.794263179953629,21.553786226669647,10.3,15.8,67.03147850900659,104.7,0.8,3.9271781954887217,3.3460511090398546,0.5811270864488671,86.0,635.0,121.0,8.066666666666666
Dalton Schultz,HOU,TE,27.0,15.0,8.0,59.0,635.0,5.0,10.76271186440678,1.0,1.0,2023,0.8823529411764706,0.5333333333333333,0.0,0.0,59.0,3.933333333333333,42.333333333333336,0.3333333333333333,0.0666666666666666,0.0666666666666666,3.933333333333333,121.0,8.066666666666666,Dalton Schultz,2023.0,8.9,6.059946802054155,3.3071277092143623,8.266929112554113,18.87541818963565,10.7,15.7,67.30627705627705,116.2,0.8,4.226657869249395,3.8188805315342607,0.4077773377151345,86.0,532.0,91.7,5.394117647058824
David Njoku,CLE,TE,21.0,16.0,5.0,32.0,386.0,4.0,12.0625,0.0,0.0,2017,1.0,0.3125,0.0,0.0,33.0,2.0,24.125,0.25,0.0,0.0,2.0625,78.7,4.91875,David Njoku,2017.0,7.333333333333333,5.850826923076923,2.394947146367798,12.079821428571428,21.169055563568573,7.166666666666667,14.833333333333334,40.87301587301587,90.0,0.8333333333333334,5.193020833333333,4.371399741884887,0.8216210914484456,85.0,639.0,115.9,7.24375
David Njoku,CLE,TE,22.0,16.0,14.0,56.0,639.0,4.0,11.410714285714286,0.0,0.0,2018,1.0,0.875,0.0,0.0,56.0,3.5,39.9375,0.25,0.0,0.0,3.5,115.9,7.24375,David Njoku,2018.0,7.583333333333333,5.699293394777265,3.1435107096375536,8.536310515873016,16.16836725181761,8.583333333333334,13.75,62.74350649350649,93.0,0.5833333333333334,5.222784722222222,3.897420122843387,1.3253645993788357,85.0,41.0,12.6,3.1500000000000004
David Njoku,CLE,TE,23.0,4.0,1.0,5.0,41.0,1.0,8.2,0.0,0.0,2019,0.25,0.25,0.0,0.0,5.0,1.25,10.25,0.25,0.0,0.0,1.25,12.6,3.1500000000000004,David Njoku,2019.0,1.0,3.316,2.8804054004585686,7.198333333333332,12.992990583917448,4.0,6.0,66.66666666666666,37.0,1.0,3.722500000000002,2.8631773354202323,0.8593226645797696,85.0,213.0,42.8,3.292307692307692
David Njoku,CLE,TE,24.0,13.0,5.0,19.0,213.0,2.0,11.210526315789474,0.0,0.0,2020,0.8125,0.3846153846153846,0.0,0.0,19.0,1.4615384615384617,16.384615384615383,0.1538461538461538,0.0,0.0,1.4615384615384617,42.8,3.292307692307692,David Njoku,2020.0,17.0,3.5125,1.4784416086480463,9.284,18.476357267950963,2.0,5.0,40.0,13.0,0.0,2.635,1.0881563234665492,1.5468436765334506,85.0,475.0,89.6,5.6
David Njoku,CLE,TE,25.0,16.0,11.0,36.0,475.0,4.0,13.194444444444445,0.0,0.0,2021,0.9411764705882352,0.6875,0.0,0.0,37.0,2.25,29.6875,0.25,0.0,0.0,2.3125,89.6,5.6,David Njoku,2021.0,6.6,4.279633333333334,2.571230647168311,10.951198921832884,20.57667493199869,10.4,15.0,69.58490566037736,152.8,1.2,8.279579365079366,5.449847936443006,2.8297314286363595,85.0,628.0,113.0,8.071428571428571
David Njoku,CLE,TE,26.0,14.0,14.0,58.0,628.0,4.0,10.827586206896552,1.0,1.0,2022,0.8235294117647058,1.0,0.0,0.0,60.0,4.142857142857143,44.85714285714285,0.2857142857142857,0.0714285714285714,0.0714285714285714,4.285714285714286,113.0,8.071428571428571,David Njoku,2022.0,8.5,5.035712806026365,3.0150660973443384,6.998908730158731,15.895124894336895,9.333333333333334,12.75,71.92791005291005,100.91666666666669,0.6666666666666666,5.9380113574165305,4.898376544908596,1.039634812507934,85.0,882.0,160.7,10.04375
David Njoku,CLE,TE,27.0,16.0,16.0,81.0,882.0,6.0,10.88888888888889,2.0,2.0,2023,0.9411764705882352,1.0,1.0,0.0,81.0,5.0625,55.125,0.375,0.125,0.125,5.0625,160.7,10.04375,David Njoku,2023.0,10.461538461538462,5.505970994122157,3.366722886152041,5.323230754340511,16.66350351163234,11.461538461538462,17.76923076923077,63.47836445397421,126.76923076923076,0.9230769230769232,8.069443155609822,5.754691835477467,2.314751320132355,85.0,505.0,112.5,10.227272727272728
Evan Engram,DEN,TE,23.0,15.0,11.0,64.0,722.0,6.0,11.28125,0.0,0.0,2017,0.9375,0.7333333333333333,0.0,0.0,65.0,4.266666666666667,48.13333333333333,0.4,0.0,0.0,4.333333333333333,141.60000000000002,9.44,Evan Engram,2017.0,7.642857142857143,5.878334058902668,2.7494019710685462,7.95776454868458,26.522880845688057,9.071428571428571,16.0,58.040673095020914,102.28571428571428,0.8571428571428571,4.6843776573129245,4.42499796019289,0.2593796971200355,88.0,577.0,101.8,9.254545454545456
Evan Engram,DEN,TE,24.0,11.0,8.0,45.0,577.0,3.0,12.822222222222225,0.0,0.0,2018,0.6875,0.7272727272727273,0.0,0.0,48.0,4.090909090909091,52.45454545454545,0.2727272727272727,0.0,0.0,4.363636363636363,101.8,9.254545454545456,Evan Engram,2018.0,9.22222222222222,5.822048212005109,4.369709940114321,5.320803516313934,12.719590661857636,9.444444444444445,13.444444444444445,70.55941358024691,117.0,0.6666666666666666,9.055958994708996,6.232508044473481,2.8234509502355127,88.0,467.0,87.4,10.925
Evan Engram,DEN,TE,25.0,8.0,6.0,44.0,467.0,3.0,10.613636363636363,0.0,0.0,2019,0.5,0.75,0.0,0.0,47.0,5.5,58.375,0.375,0.0,0.0,5.875,87.4,10.925,Evan Engram,2019.0,4.333333333333333,5.653322877901825,3.0381020796314915,6.096281151854681,16.40255595884918,9.77777777777778,15.11111111111111,61.90094219505985,103.77777777777776,0.6666666666666666,5.70016835016835,4.039103282702907,1.661065067465442,88.0,654.0,109.5,6.84375
Evan Engram,DEN,TE,26.0,16.0,14.0,63.0,654.0,1.0,10.38095238095238,1.0,1.0,2020,1.0,0.875,1.0,0.0,69.0,3.9375,40.875,0.0625,0.0625,0.0625,4.3125,109.5,6.84375,Evan Engram,2020.0,7.5,6.278396761649774,2.981895281391472,7.074087462380466,23.709373191784795,9.75,16.833333333333332,57.65381534876948,101.0,0.1666666666666666,4.428618386243387,3.5135221370928806,0.9150962491505058,88.0,408.0,79.5,5.3
Evan Engram,DEN,TE,27.0,15.0,12.0,46.0,408.0,3.0,8.869565217391305,1.0,1.0,2021,0.8823529411764706,0.8,0.0,0.0,47.0,3.066666666666667,27.2,0.2,0.0666666666666666,0.0666666666666666,3.1333333333333333,79.5,5.3,Evan Engram,2021.0,9.545454545454543,6.974583333333333,3.3232931664834737,4.728135844748859,9.452695135171554,7.272727272727272,11.727272727272728,60.42548775425488,62.54545454545455,0.3636363636363636,4.162836627140974,3.98437829383908,0.1784583333018938,88.0,766.0,138.4,8.141176470588235
Evan Engram,DEN,TE,28.0,17.0,14.0,73.0,766.0,4.0,10.493150684931509,0.0,0.0,2022,1.0,0.8235294117647058,0.0,0.0,75.0,4.294117647058823,45.05882352941177,0.2352941176470588,0.0,0.0,4.411764705882353,138.4,8.141176470588235,Evan Engram,2022.0,8.6,7.1986008658008656,3.3180267801392027,6.424121768707482,21.817629276468143,13.0,17.5,74.13945578231292,141.0,0.8,7.123098499673842,6.070074121437797,1.0530243782360451,17.0,963.0,173.3,10.194117647058825
Evan Engram,DEN,TE,29.0,17.0,15.0,114.0,963.0,4.0,8.447368421052632,3.0,2.0,2023,1.0,0.8823529411764706,1.0,0.0,114.0,6.705882352941177,56.64705882352941,0.2352941176470588,0.1764705882352941,0.1176470588235294,6.705882352941177,173.3,10.194117647058825,Evan Engram,2023.0,9.0,6.280603655603656,3.357664793343813,4.686472857389524,13.719007749940378,12.666666666666666,15.88888888888889,79.96563621563621,107.0,0.4444444444444444,4.7712082331249,4.340201639878184,0.431006593246716,17.0,365.0,64.0,7.111111111111111
George Kittle,SF,TE,24.0,15.0,7.0,43.0,515.0,2.0,11.976744186046512,0.0,0.0,2017,0.9375,0.4666666666666667,0.0,0.0,43.0,2.8666666666666667,34.333333333333336,0.1333333333333333,0.0,0.0,2.8666666666666667,85.0,5.666666666666667,George Kittle,2017.0,7.571428571428571,5.082831232492998,2.9494556247746493,7.076535147392291,12.176975539531748,10.0,14.571428571428571,69.43310657596372,121.42857142857144,0.4285714285714285,7.046992010757791,5.402909565665989,1.6440824450918012,85.0,1377.0,212.7,13.29375
George Kittle,SF,TE,25.0,16.0,16.0,88.0,1377.0,5.0,15.647727272727272,0.0,0.0,2018,1.0,1.0,1.0,0.0,89.0,5.5,86.0625,0.3125,0.0,0.0,5.5625,212.7,13.29375,George Kittle,2018.0,8.733333333333333,5.383996072446072,3.4459208843430784,7.325489772319185,26.219780780277173,11.333333333333334,17.6,64.70017237664297,174.93333333333334,0.6,9.856611856661855,7.211067972104172,2.6455438845576853,85.0,1053.0,180.0,12.857142857142858
George Kittle,SF,TE,26.0,14.0,14.0,85.0,1053.0,5.0,12.388235294117647,1.0,0.0,2019,0.875,1.0,1.0,1.0,90.0,6.071428571428571,75.21428571428571,0.3571428571428571,0.0714285714285714,0.0,6.428571428571429,180.0,12.857142857142858,George Kittle,2019.0,8.692307692307692,4.970423525242397,3.1742130367626435,6.162646287558877,29.574243397883528,12.692307692307692,15.923076923076923,80.31724048354066,156.53846153846155,0.7692307692307693,7.389077221421113,5.77548310789603,1.6135941135250822,85.0,634.0,101.1,12.6375
George Kittle,SF,TE,27.0,8.0,8.0,48.0,634.0,2.0,13.208333333333334,0.0,0.0,2020,0.5,1.0,0.0,0.0,50.0,6.0,79.25,0.25,0.0,0.0,6.25,101.1,12.6375,George Kittle,2020.0,7.0,5.646309074573225,3.781197166017007,6.682801091269842,26.795152208317624,11.75,15.25,75.67460317460318,153.625,0.5,6.745840773809523,4.645782158245419,2.100058615564105,85.0,910.0,162.5,11.607142857142858
George Kittle,SF,TE,28.0,14.0,14.0,71.0,910.0,6.0,12.816901408450704,2.0,1.0,2021,0.8235294117647058,1.0,1.0,0.0,74.0,5.071428571428571,65.0,0.4285714285714285,0.1428571428571428,0.0714285714285714,5.285714285714286,162.5,11.607142857142858,George Kittle,2021.0,8.7,4.937176341991342,3.0991163687431222,7.813362580209389,28.34693300759862,13.0,17.3,75.28335021952043,170.6,1.1,6.937815176529261,4.702781773293748,2.235033403235513,85.0,765.0,170.5,11.366666666666667
George Kittle,SF,TE,29.0,15.0,15.0,60.0,765.0,11.0,12.75,1.0,1.0,2022,0.8823529411764706,1.0,1.0,0.0,60.0,4.0,51.0,0.7333333333333333,0.0666666666666666,0.0666666666666666,4.0,170.5,11.366666666666667,George Kittle,2022.0,10.0,5.515314880952381,3.376761037502785,7.156501722652885,23.233171645964045,9.333333333333334,13.25,71.50839793281654,119.75,1.8333333333333333,6.962638888888889,5.424503675951069,1.5381352129378192,85.0,1020.0,170.7,10.66875
George Kittle,SF,TE,30.0,16.0,16.0,65.0,1020.0,6.0,15.692307692307692,0.0,0.0,2023,0.9411764705882352,1.0,1.0,1.0,66.0,4.0625,63.75,0.375,0.0,0.0,4.125,170.7,10.66875,George Kittle,2023.0,8.5,5.247492147328415,3.450126128081574,8.763812842712843,27.05981617613872,11.4,15.8,69.88023088023087,173.4,0.8,7.58459832112332,5.006739193963496,2.577859127159825,85.0,1106.0,197.6,13.173333333333336
Hunter Henry,NE,TE,22.0,15.0,10.0,36.0,478.0,8.0,13.27777777777778,1.0,1.0,2016,0.9375,0.6666666666666666,0.0,0.0,36.0,2.4,31.866666666666667,0.5333333333333333,0.0666666666666666,0.0666666666666666,2.4,111.8,7.453333333333334,Hunter Henry,2016.0,7.333333333333333,4.483833333333333,2.7523857617213903,10.61035119047619,19.72947500213285,9.5,13.833333333333334,70.01123090745732,125.0,2.0,3.8151759259259257,4.255527833934532,-0.4403519080086055,86.0,579.0,104.4,7.457142857142857
Hunter Henry,NE,TE,23.0,14.0,13.0,45.0,579.0,4.0,12.866666666666667,0.0,0.0,2017,0.875,0.9285714285714286,0.0,0.0,45.0,3.2142857142857144,41.35714285714285,0.2857142857142857,0.0,0.0,3.2142857142857144,104.4,7.457142857142857,Hunter Henry,2017.0,7.777777777777778,5.651544524308675,2.940569833947566,9.686460075667064,23.01060877249315,9.11111111111111,12.666666666666666,71.7726290038118,121.77777777777776,0.7777777777777778,5.094570546737213,4.396639952629877,0.697930594107337,86.0,0.0,0.0,0.0
Hunter Henry,NE,TE,25.0,12.0,12.0,55.0,652.0,5.0,11.854545454545455,1.0,1.0,2019,0.75,1.0,0.0,0.0,55.0,4.583333333333333,54.333333333333336,0.4166666666666667,0.0833333333333333,0.0833333333333333,4.583333333333333,120.7,10.058333333333334,Hunter Henry,2019.0,8.5,5.368722389306599,2.5578173988929467,9.987595279866332,23.41411885272985,10.4,14.3,73.14954051796157,122.6,0.9,3.212460173160173,3.4640545602001445,-0.2515943870399714,86.0,613.0,115.3,8.235714285714286
Hunter Henry,NE,TE,26.0,14.0,14.0,60.0,613.0,4.0,10.216666666666669,0.0,0.0,2020,0.875,1.0,0.0,0.0,60.0,4.285714285714286,43.785714285714285,0.2857142857142857,0.0,0.0,4.285714285714286,115.3,8.235714285714286,Hunter Henry,2020.0,7.416666666666667,5.30638982172471,2.430404495909275,8.671797747055813,20.906377007360224,9.416666666666666,14.666666666666666,63.64023297491039,95.75,0.6666666666666666,3.394597222222222,2.738088657397025,0.6565085648251966,86.0,603.0,139.3,8.194117647058825
Hunter Henry,NE,TE,27.0,17.0,10.0,50.0,603.0,9.0,12.06,0.0,0.0,2021,1.0,0.5882352941176471,0.0,0.0,50.0,2.9411764705882355,35.47058823529412,0.5294117647058824,0.0,0.0,2.9411764705882355,139.3,8.194117647058825,Hunter Henry,2021.0,10.0,5.794698503922642,2.48824572550744,9.777403703703705,20.644666461654182,9.11111111111111,13.77777777777778,64.44444444444444,107.88888888888889,1.4444444444444444,2.957722222222221,3.10493342194472,-0.1472111997224983,85.0,509.0,83.4,4.905882352941177
Hunter Henry,NE,TE,28.0,17.0,14.0,41.0,509.0,2.0,12.414634146341465,0.0,0.0,2022,1.0,0.8235294117647058,0.0,0.0,41.0,2.411764705882353,29.94117647058824,0.1176470588235294,0.0,0.0,2.411764705882353,83.4,4.905882352941177,Hunter Henry,2022.0,10.142857142857142,5.78428672745694,3.816344046198024,7.105381067681308,17.21230283065209,9.285714285714286,13.428571428571429,67.95457165917215,113.42857142857144,0.5714285714285714,6.06582229965157,5.660113671367459,0.4057086282841092,85.0,419.0,98.9,7.064285714285715
Hunter Henry,NE,TE,29.0,14.0,10.0,42.0,419.0,6.0,9.976190476190476,1.0,0.0,2023,0.8235294117647058,0.7142857142857143,0.0,0.0,42.0,3.0,29.928571428571427,0.4285714285714285,0.0714285714285714,0.0,3.0,98.9,7.064285714285715,Hunter Henry,2023.0,5.5,6.011772435897436,2.1818600138484507,8.353444542024459,21.0294440061488,9.125,13.0,70.29306531355712,90.125,1.25,1.9144166666666675,2.019892824563816,-0.1054761578971486,85.0,674.0,112.4,7.025
Isaiah Likely,BAL,TE,22.0,16.0,2.0,36.0,373.0,3.0,10.36111111111111,0.0,0.0,2022,0.9411764705882352,0.125,0.0,0.0,36.0,2.25,23.3125,0.1875,0.0,0.0,2.25,73.30000000000001,4.581250000000001,Isaiah Likely,2022.0,9.0,6.15649659291326,3.784924720594209,7.860771978021977,20.174359161406624,9.666666666666666,15.833333333333334,61.20879120879121,105.33333333333331,1.0,4.374976851851852,3.436877770994617,0.938099080857236,80.0,411.0,86.1,5.064705882352941
Isaiah Likely,BAL,TE,23.0,17.0,8.0,30.0,411.0,5.0,13.7,0.0,0.0,2023,1.0,0.4705882352941176,0.0,0.0,30.0,1.7647058823529411,24.176470588235293,0.2941176470588235,0.0,0.0,1.7647058823529411,86.1,5.064705882352941,Isaiah Likely,2023.0,13.666666666666666,6.510222222222222,4.991414857044593,4.224047619047618,9.680982795565894,4.666666666666667,6.333333333333333,73.80952380952381,64.33333333333333,0.6666666666666666,8.757833333333332,6.840743945281601,1.917089388051732,80.0,477.0,102.7,6.41875
Jake Ferguson,DAL,TE,23.0,16.0,8.0,19.0,174.0,2.0,9.157894736842104,0.0,0.0,2022,0.9411764705882352,0.5,0.0,0.0,19.0,1.1875,10.875,0.125,0.0,0.0,1.1875,38.900000000000006,2.4312500000000004,Jake Ferguson,2022.0,6.0,6.288,3.097668690608954,5.359999999999999,10.181081423325317,4.0,6.0,66.66666666666666,40.0,1.0,5.2775,6.502271675504971,-1.2247716755049716,87.0,761.0,141.60000000000002,8.329411764705883
Jake Ferguson,DAL,TE,24.0,17.0,16.0,71.0,761.0,5.0,10.71830985915493,0.0,0.0,2023,1.0,0.9411764705882352,1.0,0.0,71.0,4.176470588235294,44.76470588235294,0.2941176470588235,0.0,0.0,4.176470588235294,141.60000000000002,8.329411764705883,Jake Ferguson,2023.0,10.076923076923077,5.49117314647378,3.296566214132576,5.285174585218703,13.749959567632455,10.0,14.538461538461538,68.14748976513683,106.6153846153846,0.6153846153846154,5.807366248774699,4.5101795791735615,1.297186669601137,87.0,494.0,74.9,5.3500000000000005
Jonnu Smith,MIA,TE,22.0,16.0,13.0,18.0,157.0,2.0,8.722222222222221,0.0,0.0,2017,1.0,0.8125,0.0,0.0,18.0,1.125,9.8125,0.125,0.0,0.0,1.125,36.7,2.29375,Jonnu Smith,2017.0,7.5,6.17875,2.813872318998841,2.729000000000001,4.083988594300225,3.5,5.0,70.0,20.5,0.0,5.711499999999997,7.0942477752885225,-1.3827477752885255,81.0,258.0,53.8,4.138461538461538
Jonnu Smith,MIA,TE,23.0,13.0,12.0,20.0,258.0,3.0,12.9,1.0,0.0,2018,0.8125,0.9230769230769232,0.0,0.0,20.0,1.5384615384615383,19.846153846153847,0.2307692307692307,0.0769230769230769,0.0,1.5384615384615383,53.8,4.138461538461538,Jonnu Smith,2018.0,11.0,6.698333333333333,5.340388262899602,5.511250000000001,20.684963640628663,6.0,8.0,75.0,44.0,0.0,3.743333333333331,3.5184904787577884,0.2248428545755425,81.0,439.0,87.2,5.45
Jonnu Smith,MIA,TE,24.0,16.0,14.0,35.0,439.0,3.0,12.542857142857144,0.0,0.0,2019,1.0,0.875,0.0,0.0,39.0,2.1875,27.4375,0.1875,0.0,0.0,2.4375,87.2,5.45,Jonnu Smith,2019.0,8.4,5.54118817204301,3.785470325955712,5.578852380952381,9.723342309215065,10.6,13.4,78.38528138528139,125.0,0.8,5.933466666666666,3.736886027227132,2.1965806394395337,81.0,448.0,119.7,7.98
Jonnu Smith,MIA,TE,25.0,15.0,14.0,41.0,448.0,8.0,10.926829268292684,0.0,0.0,2020,0.9375,0.9333333333333332,0.0,0.0,43.0,2.7333333333333334,29.866666666666667,0.5333333333333333,0.0,0.0,2.8666666666666667,119.7,7.98,Jonnu Smith,2020.0,7.0,5.600269637769638,3.5004647483505003,5.498666870166869,14.7551975447059,8.11111111111111,12.88888888888889,64.1117216117216,87.22222222222223,1.6666666666666667,5.852480126467931,4.828669404119444,1.0238107223484876,81.0,294.0,53.400000000000006,3.3375000000000004
Jonnu Smith,MIA,TE,26.0,16.0,11.0,28.0,294.0,1.0,10.5,1.0,0.0,2021,0.9411764705882352,0.6875,0.0,0.0,37.0,1.75,18.375,0.0625,0.0625,0.0,2.3125,53.400000000000006,3.3375000000000004,Jonnu Smith,2021.0,2.833333333333333,5.269170634920635,4.122523383545823,5.016555555555555,7.739154332351369,7.166666666666667,11.833333333333334,59.81481481481482,72.33333333333333,0.3333333333333333,9.869515873015873,8.197486962592253,1.6720289104236192,81.0,245.0,38.5,2.75
Jonnu Smith,MIA,TE,28.0,17.0,6.0,50.0,582.0,3.0,11.64,1.0,1.0,2023,1.0,0.3529411764705882,0.0,0.0,52.0,2.9411764705882355,34.23529411764706,0.1764705882352941,0.0588235294117647,0.0588235294117647,3.0588235294117645,99.2,5.835294117647059,Jonnu Smith,2023.0,6.555555555555555,6.738084175084175,3.824078417635574,5.467369047619048,11.968761426118734,9.77777777777778,13.444444444444445,74.82804232804233,113.66666666666669,0.5555555555555556,7.670833333333334,5.696997085659213,1.9738362476741205,81.0,884.0,178.3,10.488235294117649
Juwan Johnson,NO,TE,26.0,16.0,12.0,42.0,508.0,7.0,12.095238095238097,0.0,0.0,2022,0.9411764705882352,0.75,0.0,0.0,42.0,2.625,31.75,0.4375,0.0,0.0,2.625,113.8,7.112500000000001,Juwan Johnson,2022.0,7.25,4.835761446886447,2.851327039854884,8.67246978021978,20.71423990608768,8.875,13.5,67.24358974358974,104.625,1.5,4.047154761904761,3.38573488974179,0.6614198721629718,83.0,368.0,79.30000000000001,6.1000000000000005
Juwan Johnson,NO,TE,27.0,13.0,11.0,37.0,368.0,4.0,9.945945945945946,0.0,0.0,2023,0.7647058823529411,0.8461538461538461,0.0,0.0,37.0,2.8461538461538463,28.307692307692307,0.3076923076923077,0.0,0.0,2.8461538461538463,79.30000000000001,6.1000000000000005,Juwan Johnson,2023.0,9.166666666666666,4.886011111111111,2.821230452989708,7.936950497713209,22.10810717087631,10.166666666666666,15.833333333333334,67.27737422652676,102.66666666666669,1.1666666666666667,4.275350600600601,4.03343611709214,0.2419144835084608,83.0,548.0,97.8,5.752941176470589
Kyle Pitts,ATL,TE,21.0,17.0,15.0,68.0,1026.0,1.0,15.088235294117649,0.0,0.0,2021,1.0,0.8823529411764706,1.0,0.0,68.0,4.0,60.35294117647059,0.0588235294117647,0.0,0.0,4.0,142.60000000000002,8.38823529411765,Kyle Pitts,2021.0,9.0625,6.148343591691996,2.342463287181676,10.419909113455988,30.430761530573434,8.25,13.3125,61.33635461760461,121.75,0.125,4.484026931605976,3.583910176905407,0.900116754700569,8.0,356.0,61.6,6.16
Kyle Pitts,ATL,TE,22.0,10.0,10.0,28.0,356.0,2.0,12.714285714285714,0.0,0.0,2022,0.5882352941176471,1.0,0.0,0.0,28.0,2.8,35.6,0.2,0.0,0.0,2.8,61.6,6.16,Kyle Pitts,2022.0,6.125,6.76011691252588,2.963381357430297,13.228509054681194,33.66121446937281,6.25,13.5,45.957004977132094,81.125,0.375,5.01788988095238,4.395160901023734,0.6227289799286464,8.0,667.0,110.8,6.517647058823529
Kyle Pitts,ATL,TE,23.0,17.0,15.0,53.0,667.0,3.0,12.58490566037736,0.0,0.0,2023,1.0,0.8823529411764706,0.0,0.0,54.0,3.117647058823529,39.23529411764706,0.1764705882352941,0.0,0.0,3.176470588235294,110.8,6.517647058823529,Kyle Pitts,2023.0,7.833333333333333,6.369200892857143,2.377228741001439,11.151982533670036,25.06062404056917,7.666666666666667,13.333333333333334,55.39562289562289,94.5,0.4166666666666667,3.119780248577418,3.0734931517753368,0.0462870968020809,8.0,602.0,107.7,6.335294117647059
Mark Andrews,BAL,TE,23.0,16.0,3.0,34.0,552.0,3.0,16.235294117647058,0.0,0.0,2018,1.0,0.1875,0.0,0.0,34.0,2.125,34.5,0.1875,0.0,0.0,2.125,90.2,5.6375,Mark Andrews,2018.0,8.5,5.071511363636364,2.3467667944834085,10.581383333333331,20.960172842518816,11.25,16.5,69.5,171.75,0.75,4.413223039215685,3.784681051167149,0.6285419880485368,89.0,852.0,175.2,11.68
Mark Andrews,BAL,TE,24.0,15.0,4.0,64.0,852.0,10.0,13.3125,2.0,1.0,2019,0.9375,0.2666666666666666,1.0,0.0,64.0,4.266666666666667,56.8,0.6666666666666666,0.1333333333333333,0.0666666666666666,4.266666666666667,175.2,11.68,Mark Andrews,2019.0,6.833333333333333,6.141904456654456,3.0103590849430333,10.221710337915235,31.834649942173712,9.833333333333334,15.166666666666666,63.91104838269786,129.25,1.5833333333333333,3.876255291005291,3.784753996751594,0.0915012942536974,89.0,701.0,141.10000000000002,10.078571428571433
Mark Andrews,BAL,TE,25.0,14.0,2.0,58.0,701.0,7.0,12.086206896551724,2.0,0.0,2020,0.875,0.1428571428571428,0.0,0.0,58.0,4.142857142857143,50.07142857142857,0.5,0.1428571428571428,0.0,4.142857142857143,141.10000000000002,10.078571428571433,Mark Andrews,2020.0,9.083333333333334,5.850232661099265,2.619708360685707,10.253195797258297,30.63077651895611,9.166666666666666,13.833333333333334,67.75763588263588,107.91666666666669,1.0,3.052627326217843,3.280718761514382,-0.2280914352965386,89.0,1361.0,243.6,14.32941176470588
Mark Andrews,BAL,TE,26.0,17.0,9.0,107.0,1361.0,9.0,12.719626168224298,1.0,0.0,2021,1.0,0.5294117647058824,1.0,1.0,108.0,6.294117647058823,80.05882352941177,0.5294117647058824,0.0588235294117647,0.0,6.352941176470588,243.6,14.32941176470588,Mark Andrews,2021.0,9.055555555555555,6.408660656565656,3.1651538742396577,10.449917448927254,32.06207907143032,11.88888888888889,17.0,70.79832930323126,151.22222222222223,1.0,4.122959222285157,3.7957970258539566,0.3271621964311999,89.0,847.0,152.0,10.133333333333333
Mark Andrews,BAL,TE,27.0,15.0,15.0,73.0,847.0,5.0,11.602739726027398,1.0,0.0,2022,0.8823529411764706,1.0,1.0,0.0,76.0,4.866666666666666,56.46666666666667,0.3333333333333333,0.0666666666666666,0.0,5.066666666666666,152.0,10.133333333333333,Mark Andrews,2022.0,8.466666666666667,5.980515172062746,3.009297580271812,9.762140717378326,33.68726966929261,9.733333333333333,14.933333333333334,63.23330258728489,112.93333333333334,0.6666666666666666,3.4647476262955714,3.381285358317997,0.0834622679775746,89.0,544.0,112.9,11.29
Mark Andrews,BAL,TE,28.0,10.0,9.0,45.0,544.0,6.0,12.088888888888889,1.0,0.0,2023,0.5882352941176471,0.9,0.0,0.0,46.0,4.5,54.4,0.6,0.1,0.0,4.6,112.9,11.29,Mark Andrews,2023.0,4.888888888888889,5.6377146636432345,3.021118917915368,8.012157710989678,22.271210420414302,9.555555555555555,12.88888888888889,75.51153612629022,113.44444444444444,1.3333333333333333,4.931092592592592,4.809653418118831,0.1214391744737618,89.0,673.0,161.3,9.488235294117649
Mike Gesicki,CIN,TE,23.0,16.0,7.0,22.0,202.0,0.0,9.181818181818182,1.0,1.0,2018,1.0,0.4375,0.0,0.0,22.0,1.375,12.625,0.0,0.0625,0.0625,1.375,29.200000000000003,1.825,Mike Gesicki,2018.0,6.5,4.9175,3.1245450936730554,9.563,18.993079988254102,3.5,5.0,70.0,20.0,0.0,1.938333333333336,3.155840110630796,-1.2175067772974597,86.0,570.0,110.5,6.90625
Mike Gesicki,CIN,TE,24.0,16.0,5.0,51.0,570.0,5.0,11.176470588235292,1.0,1.0,2019,1.0,0.3125,0.0,0.0,51.0,3.1875,35.625,0.3125,0.0625,0.0625,3.1875,110.5,6.90625,Mike Gesicki,2019.0,10.333333333333334,5.78289917027417,2.6875015128044986,10.709709748974497,22.212254572481783,7.666666666666667,13.833333333333334,53.46575708935259,89.08333333333333,0.8333333333333334,4.271063725490195,4.249829145942464,0.0212345795477308,88.0,703.0,132.8,8.853333333333333
Mike Gesicki,CIN,TE,25.0,15.0,9.0,53.0,703.0,6.0,13.264150943396226,0.0,0.0,2020,0.9375,0.6,0.0,0.0,53.0,3.533333333333333,46.86666666666667,0.4,0.0,0.0,3.533333333333333,132.8,8.853333333333333,Mike Gesicki,2020.0,9.181818181818182,6.202002525252525,1.922340041359952,10.998246290251638,25.018180620455613,9.090909090909092,14.181818181818182,64.60981086649537,120.54545454545456,1.0,3.922126214979989,3.429249142630045,0.4928770723499432,88.0,780.0,126.5,7.4411764705882355
Mike Gesicki,CIN,TE,26.0,17.0,9.0,73.0,780.0,2.0,10.684931506849315,0.0,0.0,2021,1.0,0.5294117647058824,0.0,0.0,74.0,4.294117647058823,45.88235294117647,0.1176470588235294,0.0,0.0,4.352941176470588,126.5,7.4411764705882355,Mike Gesicki,2021.0,7.846153846153846,6.632457903207904,2.7916826521254867,8.920252941502941,24.604924164243208,10.384615384615383,15.923076923076923,63.999195249195246,120.91666666666669,0.3076923076923077,3.473315231572081,4.148667659806219,-0.6753524282341384,88.0,362.0,82.2,4.835294117647059
Mike Gesicki,CIN,TE,27.0,17.0,1.0,32.0,362.0,5.0,11.3125,0.0,0.0,2022,1.0,0.0588235294117647,0.0,0.0,32.0,1.8823529411764703,21.294117647058822,0.2941176470588235,0.0,0.0,1.8823529411764703,82.2,4.835294117647059,Mike Gesicki,2022.0,7.75,6.062531055900621,2.861529461313435,10.00874771062271,20.345219824935626,11.25,18.0,64.19413919413918,126.0,1.75,3.822890625,4.622770318777796,-0.7998796937777957,88.0,244.0,50.900000000000006,2.994117647058824
Mike Gesicki,CIN,TE,28.0,17.0,10.0,29.0,244.0,2.0,8.413793103448276,0.0,0.0,2023,1.0,0.5882352941176471,0.0,0.0,29.0,1.7058823529411764,14.352941176470589,0.1176470588235294,0.0,0.0,1.7058823529411764,50.900000000000006,2.994117647058824,Mike Gesicki,2023.0,6.333333333333333,6.305603174603175,3.1116532840462177,8.57025925925926,14.961624871456932,12.666666666666666,19.0,71.48148148148148,104.0,0.6666666666666666,2.920505747126436,3.3528818424251363,-0.4323760952986999,88.0,665.0,109.0,6.411764705882353
Noah Fant,SEA,TE,22.0,16.0,11.0,40.0,562.0,3.0,14.05,1.0,1.0,2019,1.0,0.6875,0.0,0.0,43.0,2.5,35.125,0.1875,0.0625,0.0625,2.6875,91.0,5.6875,Noah Fant,2019.0,7.6,5.906733333333333,2.722308831202903,7.888547474747473,19.24193085762639,10.6,19.0,47.23232323232323,133.8,0.6,6.021133333333333,6.161121988461462,-0.1399886551281277,87.0,673.0,116.3,7.753333333333333
Noah Fant,SEA,TE,23.0,15.0,14.0,62.0,673.0,3.0,10.85483870967742,0.0,0.0,2020,0.9375,0.9333333333333332,0.0,0.0,62.0,4.133333333333334,44.86666666666667,0.2,0.0,0.0,4.133333333333334,116.3,7.753333333333333,Noah Fant,2020.0,8.23076923076923,5.919922174070062,3.5169931896365147,6.898504105213783,17.19421737450063,9.23076923076923,13.923076923076923,66.92529692529692,99.07692307692308,0.4615384615384615,6.025936399621884,5.17593346217241,0.8500029374494725,87.0,670.0,125.0,7.8125
Noah Fant,SEA,TE,24.0,16.0,16.0,68.0,670.0,4.0,9.852941176470589,0.0,0.0,2021,0.9411764705882352,1.0,0.0,0.0,68.0,4.25,41.875,0.25,0.0,0.0,4.25,125.0,7.8125,Noah Fant,2021.0,6.888888888888889,6.082909460633341,4.506077739615368,5.504984648067983,14.177317562115372,12.666666666666666,16.77777777777778,75.87221420554755,128.33333333333334,0.8888888888888888,6.011687726942629,5.406431173786835,0.6052565531557929,87.0,486.0,97.6,5.741176470588235
Noah Fant,SEA,TE,25.0,17.0,16.0,50.0,486.0,4.0,9.72,0.0,0.0,2022,1.0,0.9411764705882352,0.0,0.0,50.0,2.9411764705882355,28.58823529411765,0.2352941176470588,0.0,0.0,2.9411764705882355,97.6,5.741176470588235,Noah Fant,2022.0,8.0,7.1178946886446886,3.660397030013312,6.644873015873016,17.745409888693107,12.166666666666666,15.333333333333334,78.62433862433862,125.0,1.0,6.113305555555556,5.44246855211023,0.6708370034453252,87.0,414.0,57.400000000000006,3.3764705882352946
Noah Fant,SEA,TE,26.0,17.0,17.0,32.0,414.0,0.0,12.9375,0.0,0.0,2023,1.0,1.0,0.0,0.0,32.0,1.8823529411764703,24.352941176470587,0.0,0.0,0.0,1.8823529411764703,57.400000000000006,3.3764705882352946,Noah Fant,2023.0,11.666666666666666,6.408888888888889,4.084504505996132,6.477333333333334,13.591074597651115,4.0,5.333333333333333,74.44444444444444,38.66666666666666,0.0,2.940555555555556,3.0423656069344225,-0.101810051378866,87.0,500.0,80.0,5.714285714285714
Pat Freiermuth,PIT,TE,23.0,16.0,9.0,60.0,497.0,7.0,8.283333333333333,1.0,1.0,2021,0.9411764705882352,0.5625,0.0,0.0,60.0,3.75,31.0625,0.4375,0.0625,0.0625,3.75,119.7,7.48125,Pat Freiermuth,2021.0,9.11111111111111,5.530509259259259,3.0182504104618264,5.750446766235796,14.705350572466402,11.0,15.0,71.01377447369009,86.77777777777777,1.3333333333333333,4.0603968253968254,2.8619702613141533,1.198426564082672,88.0,732.0,116.7,7.29375
Pat Freiermuth,PIT,TE,24.0,16.0,8.0,63.0,732.0,2.0,11.61904761904762,0.0,0.0,2022,0.9411764705882352,0.5,0.0,0.0,63.0,3.9375,45.75,0.125,0.0,0.0,3.9375,116.7,7.29375,Pat Freiermuth,2022.0,8.583333333333334,5.929836557539683,2.655311105135812,8.078969340513984,22.271953337486085,9.916666666666666,15.333333333333334,63.87896825396825,114.33333333333331,0.3333333333333333,5.141362103174603,3.3288269474615766,1.812535155713027,88.0,308.0,58.8,4.9
Pat Freiermuth,PIT,TE,25.0,12.0,9.0,32.0,308.0,2.0,9.625,0.0,0.0,2023,0.7058823529411765,0.75,0.0,0.0,32.0,2.6666666666666665,25.666666666666668,0.1666666666666666,0.0,0.0,2.6666666666666665,58.8,4.9,Pat Freiermuth,2023.0,9.75,7.196017857142857,2.734091653669654,7.965331859629731,21.51695399478578,11.75,17.5,63.19010776457585,118.75,0.5,4.004809027777778,3.291816935260967,0.7129920925168108,88.0,653.0,135.8,7.988235294117648
Sam LaPorta,DET,TE,22.0,17.0,14.0,86.0,889.0,10.0,10.33720930232558,0.0,0.0,2023,1.0,0.8235294117647058,1.0,0.0,87.0,5.0588235294117645,52.294117647058826,0.5882352941176471,0.0,0.0,5.117647058823529,192.3,11.311764705882354,Sam LaPorta,2023.0,8.8125,5.924700937950938,3.185309376318043,6.964030483405483,22.2655796535674,10.375,14.5625,72.4208603896104,107.0625,1.125,3.9150675237633816,3.161415560187893,0.7536519635754887,87.0,726.0,144.60000000000002,9.0375
T.J. Hockenson,MIN,TE,22.0,12.0,7.0,32.0,367.0,2.0,11.46875,0.0,0.0,2019,0.75,0.5833333333333334,0.0,0.0,32.0,2.6666666666666665,30.58333333333333,0.1666666666666666,0.0,0.0,2.6666666666666665,64.7,5.391666666666667,T.J. Hockenson,2019.0,6.571428571428571,6.022133333333334,2.3803158524876493,8.188726469118722,14.898414510258965,8.142857142857142,14.714285714285714,56.42474555307484,96.0,0.4285714285714285,7.425059523809524,5.9378960069298685,1.487163516879655,88.0,723.0,139.8,8.7375
T.J. Hockenson,MIN,TE,23.0,16.0,16.0,67.0,723.0,6.0,10.791044776119405,1.0,1.0,2020,1.0,1.0,1.0,0.0,68.0,4.1875,45.1875,0.375,0.0625,0.0625,4.25,139.8,8.7375,T.J. Hockenson,2020.0,8.333333333333334,5.7284509112286885,3.30338100585856,7.253170339057715,18.36090767382624,10.083333333333334,15.25,66.49546502269276,109.91666666666669,0.9166666666666666,5.0695155472636815,5.208142345565607,-0.1386267983019255,88.0,583.0,112.8,9.4
T.J. Hockenson,MIN,TE,24.0,12.0,12.0,61.0,583.0,4.0,9.557377049180328,0.0,0.0,2021,0.7058823529411765,1.0,0.0,0.0,61.0,5.083333333333333,48.583333333333336,0.3333333333333333,0.0,0.0,5.083333333333333,112.8,9.4,T.J. Hockenson,2021.0,5.777777777777778,6.420480430063764,2.9073932341953768,7.72719757094757,31.28564594916053,12.77777777777778,17.666666666666668,71.05980439313772,122.11111111111111,0.7777777777777778,3.8316476927747423,3.750744217524817,0.0809034752499259,88.0,914.0,168.4,9.905882352941177
T.J. Hockenson,MIN,TE,25.0,17.0,14.0,86.0,914.0,6.0,10.627906976744184,1.0,1.0,2022,1.0,0.8235294117647058,1.0,0.0,86.0,5.0588235294117645,53.76470588235294,0.3529411764705882,0.0588235294117647,0.0588235294117647,5.0588235294117645,168.4,9.905882352941177,T.J. Hockenson,2022.0,9.357142857142858,6.617871648047599,2.905564354847627,7.442455185756473,21.540129541263703,11.714285714285714,17.5,66.91468253968254,120.57142857142856,0.7857142857142857,4.482412076249701,3.6154111427484152,0.8670009335012857,87.28571428571429,960.0,171.5,11.433333333333334
T.J. Hockenson,MIN,TE,26.0,15.0,11.0,95.0,960.0,5.0,10.105263157894736,1.0,1.0,2023,0.8823529411764706,0.7333333333333333,0.0,0.0,95.0,6.333333333333333,64.0,0.3333333333333333,0.0666666666666666,0.0666666666666666,6.333333333333333,171.5,11.433333333333334,T.J. Hockenson,2023.0,7.357142857142857,6.0343267700284,2.958285672196656,7.431725799088426,26.381937765341508,13.142857142857142,17.642857142857142,74.29355624378123,131.28571428571428,0.7142857142857143,3.504088882921589,3.4607331538726203,0.0433557290489691,87.0,455.0,66.0,6.6
Travis Kelce,KC,TE,27.0,16.0,15.0,85.0,1125.0,4.0,13.235294117647058,0.0,0.0,2016,1.0,0.9375,1.0,1.0,86.0,5.3125,70.3125,0.25,0.0,0.0,5.375,178.5,11.15625,Travis Kelce,2016.0,8.428571428571429,5.848524022108843,2.879495890610103,7.1618577533577525,22.44967199265778,11.714285714285714,16.142857142857142,72.47950462236176,156.14285714285714,0.5714285714285714,7.222403402269999,6.679407967124795,0.542995435145204,87.0,1038.0,193.0,12.866666666666667
Travis Kelce,KC,TE,28.0,15.0,15.0,83.0,1038.0,8.0,12.50602409638554,0.0,0.0,2017,0.9375,1.0,1.0,0.0,86.0,5.533333333333333,69.2,0.5333333333333333,0.0,0.0,5.733333333333333,193.0,12.866666666666667,Travis Kelce,2017.0,7.928571428571429,6.044129105021962,2.8868064154293327,9.438047059692844,29.906847424771176,11.571428571428571,17.071428571428573,68.66518304750154,145.42857142857142,1.1428571428571428,5.133878555036473,4.45351167067065,0.6803668843658218,87.0,1336.0,243.1,15.19375
Travis Kelce,KC,TE,29.0,16.0,16.0,103.0,1336.0,10.0,12.970873786407768,2.0,1.0,2018,1.0,1.0,1.0,1.0,103.0,6.4375,83.5,0.625,0.125,0.0625,6.4375,243.1,15.19375,Travis Kelce,2018.0,8.294117647058824,5.67005462184874,2.8458845678476985,8.967163050348343,26.01436139518388,12.117647058823527,17.647058823529413,68.28560655031244,157.1764705882353,1.1764705882352942,5.801777582877811,4.447158245808981,1.3546193370688304,87.0,1229.0,205.8,12.8625
Travis Kelce,KC,TE,30.0,16.0,16.0,97.0,1229.0,5.0,12.670103092783505,1.0,1.0,2019,1.0,1.0,1.0,0.0,98.0,6.0625,76.8125,0.3125,0.0625,0.0625,6.125,205.8,12.8625,Travis Kelce,2019.0,8.294117647058824,5.417570889894419,3.1131355630931914,8.963226947792691,28.541582922341053,11.411764705882351,16.0,71.05196226303492,144.58823529411765,0.5882352941176471,5.101259141707293,4.259549729631802,0.8417094120754909,87.0,1416.0,258.26,17.217333333333332
Travis Kelce,KC,TE,31.0,15.0,15.0,105.0,1416.0,11.0,13.485714285714286,1.0,1.0,2020,0.9375,1.0,1.0,1.0,107.0,7.0,94.4,0.7333333333333333,0.0666666666666666,0.0666666666666666,7.133333333333334,258.26,17.217333333333332,Travis Kelce,2020.0,7.933333333333334,5.178444891607795,3.143009542473889,8.70200498505326,27.13381570805795,13.8,19.133333333333333,73.3697107490211,186.7333333333333,1.4666666666666666,5.9775888888888895,4.848436226784006,1.1291526621048826,87.0,1125.0,216.8,13.55
Travis Kelce,KC,TE,32.0,16.0,16.0,92.0,1125.0,9.0,12.228260869565217,1.0,1.0,2021,0.9411764705882352,1.0,1.0,0.0,94.0,5.75,70.3125,0.5625,0.0625,0.0625,5.875,216.8,13.55,Travis Kelce,2021.0,8.0625,5.548034169928592,3.324593946689532,6.934619267160079,22.045688103653504,11.3125,16.5,68.79705959463422,138.9375,1.125,5.886086277173913,4.638165441694574,1.2479208354793387,87.0,1338.0,259.3,15.25294117647059
Travis Kelce,KC,TE,33.0,17.0,17.0,110.0,1338.0,12.0,12.163636363636364,1.0,1.0,2022,1.0,1.0,1.0,1.0,112.0,6.470588235294118,78.70588235294117,0.7058823529411765,0.0588235294117647,0.0588235294117647,6.588235294117647,259.3,15.25294117647059,Travis Kelce,2022.0,9.055555555555555,6.2685752611585945,2.8936656377041583,7.356134925412659,24.653378117163708,12.22222222222222,16.88888888888889,72.86383851786329,148.66666666666666,1.3333333333333333,6.645843895302229,4.990022742139335,1.6558211531628944,87.0,984.0,172.9,11.526666666666667
Travis Kelce,KC,TE,34.0,15.0,15.0,93.0,984.0,5.0,10.580645161290322,1.0,1.0,2023,0.8823529411764706,1.0,1.0,0.0,93.0,6.2,65.6,0.3333333333333333,0.0666666666666666,0.0666666666666666,6.2,172.9,11.526666666666667,Travis Kelce,2023.0,8.285714285714286,6.7619383544680005,3.732963178768381,7.079006227358501,26.17888395443239,12.857142857142858,16.714285714285715,76.55023367685705,138.42857142857142,0.7142857142857143,5.462858678955453,5.124578500985796,0.3382801779696582,87.0,823.0,146.9,9.18125
Trey McBride,ARI,TE,23.0,16.0,13.0,29.0,265.0,1.0,9.137931034482758,1.0,0.0,2022,0.9411764705882352,0.8125,0.0,0.0,29.0,1.8125,16.5625,0.0625,0.0625,0.0,1.8125,47.0,2.9375,Trey McBride,2022.0,15.333333333333334,4.727083333333333,4.048232065675246,7.589111111111112,17.675320163712378,4.666666666666667,7.0,66.66666666666667,53.66666666666666,0.3333333333333333,4.616349206349205,3.3314921833506825,1.2848570229985226,85.0,825.0,141.0,8.294117647058824
Trey McBride,ARI,TE,24.0,17.0,12.0,81.0,825.0,3.0,10.185185185185183,1.0,0.0,2023,1.0,0.7058823529411765,0.0,0.0,81.0,4.764705882352941,48.52941176470589,0.1764705882352941,0.0588235294117647,0.0,4.764705882352941,141.0,8.294117647058824,Trey McBride,2023.0,10.923076923076923,5.217722777222777,3.465637893496551,5.697148795648795,21.94998797733,11.846153846153848,15.538461538461538,74.34239764428443,120.84615384615384,0.4615384615384615,5.98357153032153,5.06020266667283,0.9233688636487,85.0,1146.0,188.3,11.76875
Tucker Kraft,GB,TE,23.0,17.0,8.0,31.0,355.0,2.0,11.451612903225806,0.0,0.0,2023,1.0,0.4705882352941176,0.0,0.0,31.0,1.8235294117647056,20.88235294117647,0.1176470588235294,0.0,0.0,1.8235294117647056,63.0,3.7058823529411766,Tucker Kraft,2023.0,15.25,4.6835,3.9381333191169263,3.352083333333334,8.558474237498375,4.25,6.0,70.83333333333333,50.5,0.25,8.434791666666666,7.312690548729001,1.1221011179376643,85.0,707.0,136.3,8.01764705882353
Tyler Conklin,LAC,TE,25.0,16.0,2.0,19.0,194.0,1.0,10.210526315789474,1.0,0.0,2020,1.0,0.125,0.0,0.0,19.0,1.1875,12.125,0.0625,0.0625,0.0,1.1875,34.900000000000006,2.1812500000000004,Tyler Conklin,2020.0,15.666666666666666,5.885000000000001,4.173699291083184,2.861888888888892,6.858745111668767,4.0,5.666666666666667,72.22222222222221,37.0,0.0,5.624499999999998,7.323744864299289,-1.69924486429929,83.0,593.0,107.8,6.341176470588236
Tyler Conklin,LAC,TE,26.0,17.0,15.0,61.0,593.0,3.0,9.721311475409836,1.0,0.0,2021,1.0,0.8823529411764706,0.0,0.0,61.0,3.588235294117647,34.88235294117647,0.1764705882352941,0.0588235294117647,0.0,3.588235294117647,107.8,6.341176470588236,Tyler Conklin,2021.0,8.6,5.40222673992674,3.495703288903595,5.164656198686371,13.125983572161353,10.4,14.8,70.04720853858785,101.2,0.6,5.935067486338797,5.679556846033012,0.2555106403057861,83.0,552.0,102.5,6.029411764705882
Tyler Conklin,LAC,TE,27.0,17.0,16.0,58.0,552.0,3.0,9.517241379310343,2.0,0.0,2022,1.0,0.9411764705882352,0.0,0.0,60.0,3.411764705882353,32.47058823529412,0.1764705882352941,0.1176470588235294,0.0,3.5294117647058822,102.5,6.029411764705882,Tyler Conklin,2022.0,6.9,5.678009375,4.118207008500693,6.765670963327861,17.17840436921494,10.2,15.3,66.82142857142857,96.2,0.6,4.719703448275863,4.477514240269813,0.2421892080060488,83.0,621.0,92.6,5.447058823529411
Tyler Conklin,LAC,TE,28.0,17.0,12.0,61.0,621.0,0.0,10.18032786885246,0.0,0.0,2023,1.0,0.7058823529411765,0.0,0.0,62.0,3.588235294117647,36.52941176470589,0.0,0.0,0.0,3.647058823529412,92.6,5.447058823529411,Tyler Conklin,2023.0,9.23076923076923,6.184612318840579,3.527300414032064,6.692200328407225,17.08676018202116,8.76923076923077,12.384615384615383,73.41543513957308,90.92307692307692,0.0,4.547753497868253,4.251722451167273,0.2960310467009788,83.0,449.0,94.4,5.9
Tyler Higbee,LAR,TE,23.0,16.0,7.0,11.0,85.0,1.0,7.727272727272727,0.0,0.0,2016,1.0,0.4375,0.0,0.0,11.0,0.6875,5.3125,0.0625,0.0,0.0,0.6875,20.0,1.25,Tyler Higbee,2016.0,9.0,4.9575,2.40412264172012,13.70714285714286,23.429296998998858,1.0,7.0,14.285714285714285,31.0,0.0,4.25,6.61003255844,-2.3600325584400004,89.0,295.0,48.0,3.0
Tyler Higbee,LAR,TE,24.0,16.0,16.0,25.0,295.0,1.0,11.8,0.0,0.0,2017,1.0,1.0,0.0,0.0,25.0,1.5625,18.4375,0.0625,0.0,0.0,1.5625,48.0,3.0,Tyler Higbee,2017.0,5.0,6.801127192982456,2.181029864701587,11.56759027777778,18.160733546792446,8.25,16.0,43.888888888888886,111.25,0.25,4.625791666666665,2.791653515069385,1.83413815159728,89.0,292.0,53.2,3.325
Tyler Higbee,LAR,TE,25.0,16.0,16.0,24.0,292.0,2.0,12.166666666666666,1.0,0.0,2018,1.0,1.0,0.0,0.0,24.0,1.5,18.25,0.125,0.0625,0.0,1.5,53.2,3.325,Tyler Higbee,2018.0,11.0,6.103333333333334,2.786590504315668,4.124285714285716,5.790793300571663,6.0,7.0,85.71428571428571,63.0,0.0,4.854999999999998,4.125797316826923,0.7292026831730745,89.0,734.0,125.9,8.393333333333334
Tyler Higbee,LAR,TE,26.0,15.0,15.0,69.0,734.0,3.0,10.63768115942029,0.0,0.0,2019,0.9375,1.0,0.0,0.0,69.0,4.6,48.93333333333333,0.2,0.0,0.0,4.6,125.9,8.393333333333334,Tyler Higbee,2019.0,10.22222222222222,6.446546102046102,3.514927019829987,6.546909971842556,19.993252932338905,13.88888888888889,18.11111111111111,75.92664202214763,148.55555555555554,0.6666666666666666,5.571470822789664,5.559010664605186,0.0124601581844767,89.0,521.0,104.2,6.946666666666667
Tyler Higbee,LAR,TE,27.0,15.0,15.0,44.0,521.0,5.0,11.840909090909092,0.0,0.0,2020,0.9375,1.0,0.0,0.0,45.0,2.933333333333333,34.733333333333334,0.3333333333333333,0.0,0.0,3.0,104.2,6.946666666666667,Tyler Higbee,2020.0,9.333333333333334,5.320248366013072,2.912534032274357,8.757277777777778,21.628558477296338,10.5,14.666666666666666,70.0,126.66666666666669,1.6666666666666667,6.587646464646465,3.7081195352739367,2.879526929372528,89.0,560.0,116.5,7.766666666666667
Tyler Higbee,LAR,TE,28.0,15.0,15.0,61.0,560.0,5.0,9.18032786885246,1.0,0.0,2021,0.8823529411764706,1.0,0.0,0.0,61.0,4.066666666666666,37.333333333333336,0.3333333333333333,0.0666666666666666,0.0,4.066666666666666,116.5,7.766666666666667,Tyler Higbee,2021.0,8.923076923076923,6.024571678321678,3.0850794494697267,5.287905354449472,12.024012522115644,8.923076923076923,12.615384615384617,70.96907993966818,82.53846153846153,0.6923076923076923,4.784702395964692,6.376410084151634,-1.591707688186942,89.0,620.0,116.0,6.823529411764706
Tyler Higbee,LAR,TE,29.0,17.0,17.0,72.0,620.0,3.0,8.61111111111111,0.0,0.0,2022,1.0,1.0,0.0,0.0,72.0,4.235294117647059,36.47058823529412,0.1764705882352941,0.0,0.0,4.235294117647059,116.0,6.823529411764706,Tyler Higbee,2022.0,8.583333333333334,5.642519096226175,3.4471822112546846,3.220990670594837,12.50477795530247,11.166666666666666,16.833333333333332,64.46849446849447,95.83333333333331,0.5,5.19606283068783,5.0057574633005535,0.1903053673872771,89.0,495.0,85.0,5.666666666666667
Tyler Higbee,LAR,TE,30.0,15.0,15.0,47.0,495.0,2.0,10.53191489361702,0.0,0.0,2023,0.8823529411764706,1.0,0.0,0.0,47.0,3.1333333333333333,33.0,0.1333333333333333,0.0,0.0,3.1333333333333333,85.0,5.666666666666667,Tyler Higbee,2023.0,7.625,6.899504896313364,3.832155568983693,5.727659090909091,14.76966774405726,10.0,14.625,74.07467532467533,101.75,0.5,4.539543882978723,4.615491752965228,-0.0759478699865049,89.0,66.0,22.6,7.533333333333334
Zach Ertz,WAS,TE,26.0,14.0,12.0,78.0,816.0,4.0,10.461538461538462,0.0,0.0,2016,0.875,0.8571428571428571,0.0,0.0,78.0,5.571428571428571,58.285714285714285,0.2857142857142857,0.0,0.0,5.571428571428571,144.60000000000002,10.328571428571433,Zach Ertz,2016.0,10.2,6.043719254185693,3.2026702988108724,8.71954485820783,24.878440462488605,14.5,19.7,74.27320085574802,150.7,0.8,3.1804788461538465,3.992786165402584,-0.8123073192487373,86.0,824.0,165.4,11.814285714285717
Zach Ertz,WAS,TE,27.0,14.0,13.0,74.0,824.0,8.0,11.135135135135137,1.0,1.0,2017,0.875,0.9285714285714286,1.0,0.0,74.0,5.285714285714286,58.85714285714285,0.5714285714285714,0.0714285714285714,0.0714285714285714,5.285714285714286,165.4,11.814285714285717,Zach Ertz,2017.0,6.923076923076923,4.995755526978932,2.861751797383299,7.933775030525031,21.23218477631332,11.076923076923077,16.46153846153846,66.97885447885447,123.07692307692308,1.2307692307692308,4.24827220970971,4.27989908119496,-0.0316268714852506,86.0,1163.0,222.3,13.89375
Zach Ertz,WAS,TE,28.0,16.0,16.0,116.0,1163.0,8.0,10.025862068965518,1.0,0.0,2018,1.0,1.0,1.0,0.0,116.0,7.25,72.6875,0.5,0.0625,0.0,7.25,222.3,13.89375,Zach Ertz,2018.0,7.733333333333333,6.098066448030084,3.1569561844486955,7.473222278647279,27.54973663912936,15.133333333333333,20.33333333333333,72.86211936211936,153.06666666666666,1.0666666666666669,3.417406138561311,3.7634134950136793,-0.3460073564523681,86.0,916.0,169.60000000000002,11.306666666666668
Zach Ertz,WAS,TE,29.0,15.0,15.0,88.0,916.0,6.0,10.409090909090908,1.0,1.0,2019,0.9375,1.0,1.0,0.0,88.0,5.866666666666666,61.06666666666667,0.4,0.0666666666666666,0.0666666666666666,5.866666666666666,169.60000000000002,11.306666666666668,Zach Ertz,2019.0,7.866666666666666,5.843479442337407,2.749411729004416,8.88542944092944,26.79168316371498,11.6,17.733333333333334,64.38073654740322,120.8,0.8,3.5009087542087545,3.323094918590544,0.1778138356182107,86.0,335.0,57.5,5.227272727272728
Zach Ertz,WAS,TE,30.0,11.0,11.0,36.0,335.0,1.0,9.305555555555555,0.0,0.0,2020,0.6875,1.0,0.0,0.0,36.0,3.272727272727273,30.454545454545453,0.0909090909090909,0.0,0.0,3.272727272727273,57.5,5.227272727272728,Zach Ertz,2020.0,6.9,5.8358900322841,3.123913115226011,6.8832892857142856,14.489407107717795,6.8,13.7,49.238095238095234,63.1,0.2,3.45486746031746,3.373569331208444,0.0812981291090163,86.0,763.0,143.7,8.452941176470588
Zach Ertz,WAS,TE,31.0,17.0,14.0,74.0,763.0,5.0,10.31081081081081,0.0,0.0,2021,1.0,0.8235294117647058,0.0,0.0,75.0,4.352941176470588,44.88235294117647,0.2941176470588235,0.0,0.0,4.411764705882353,143.7,8.452941176470588,Zach Ertz,2021.0,9.642857142857142,6.075886374053168,3.159658836699609,7.563239860338074,22.424821739606177,10.0,15.285714285714286,63.74238856381714,102.42857142857144,0.7142857142857143,5.404924365692224,5.232003822166661,0.172920543525563,86.0,406.0,88.1,8.809999999999999
Zach Ertz,WAS,TE,32.0,10.0,10.0,47.0,406.0,4.0,8.638297872340425,0.0,0.0,2022,0.5882352941176471,1.0,0.0,0.0,47.0,4.7,40.6,0.4,0.0,0.0,4.7,88.1,8.809999999999999,Zach Ertz,2022.0,4.625,5.393504934210527,3.151369035063808,7.621165555006588,25.54066680262641,11.125,16.125,71.66790184453228,95.625,0.875,3.174816679331307,3.564436610742425,-0.3896199314111178,86.0,187.0,38.2,5.457142857142857
Zach Ertz,WAS,TE,33.0,7.0,7.0,27.0,187.0,1.0,6.925925925925926,0.0,0.0,2023,0.4117647058823529,1.0,0.0,0.0,27.0,3.857142857142857,26.714285714285715,0.1428571428571428,0.0,0.0,3.857142857142857,38.2,5.457142857142857,Zach Ertz,2023.0,3.25,6.674854166666666,2.834783625077195,7.631937499999999,24.700150431800303,5.0,8.25,58.75,38.0,0.0,2.0933333333333337,2.1896011432837845,-0.0962678099504509,86.0,654.0,140.4,8.258823529411766
