Name,Team,Pos,Age,G,GS,Rec_Rec,Rec_Yds,Rec_TD,Rec_Y/R,Rush_Att,Rush_Yds,Rush_TD,Fmb,FmbLost,Year,games_played_pct,games_started_pct,ProBowl,AllPro,Touches,Rec_Rec_per_game,Rec_Yds_per_game,Rec_TD_per_game,Rush_Att_per_game,Rush_Yds_per_game,Rush_TD_per_game,Fmb_per_game,FmbLost_per_game,Touches_per_game,Points_half-ppr,PPG_half-ppr,player_display_name,season,week,avg_cushion,avg_separation,avg_intended_air_yards,percent_share_of_intended_air_yards,receptions,targets,catch_percentage,yards,rec_touchdowns,avg_yac,avg_expected_yac,avg_yac_above_expectation,player_jersey_number
A.J. Brown,PHI,WR,27.0,13.0,13.0,67.0,1079.0,7.0,16.104477611940297,0.0,0.0,0.0,0.0,0.0,2024,0.7647058823529411,1.0,0.0,0.0,67.0,5.153846153846154,83.0,0.5384615384615384,0.0,0.0,0.0,0.0,0.0,5.153846153846154,183.4,14.107692307692307,A.J. Brown,2024.0,9.666666666666666,5.554569075636086,2.0931986183583664,12.542335528517874,52.20757287317465,10.666666666666666,15.5,71.50908012377084,173.25,1.1666666666666667,5.402097429519071,2.918001925983788,2.484095503535284,11.0
Adam Thielen,CAR,WR,34.0,10.0,10.0,48.0,615.0,5.0,12.8125,0.0,0.0,0.0,0.0,0.0,2024,0.5882352941176471,1.0,0.0,0.0,48.0,4.8,61.5,0.5,0.0,0.0,0.0,0.0,0.0,4.8,115.5,11.55,Adam Thielen,2024.0,12.0,6.4540978535353535,2.878970309839153,11.132153522552718,27.694860704954344,11.0,14.125,77.58326351068287,138.0,1.25,2.92948611111111,2.9854999331200585,-0.0560138220089487,19.0
Adonai Mitchell,IND,WR,22.0,17.0,7.0,23.0,312.0,0.0,13.565217391304348,4.0,6.0,0.0,2.0,1.0,2024,1.0,0.4117647058823529,0.0,0.0,28.0,1.3529411764705883,18.352941176470587,0.0,0.2352941176470588,0.3529411764705882,0.0,0.1176470588235294,0.0588235294117647,1.6470588235294117,42.260000000000005,2.485882352941177,Adonai Mitchell,2024.0,4.0,6.4052807726864325,3.080309037375712,12.700974025974029,20.76483953298396,8.5,18.25,54.74025974025974,105.75,0.0,3.099710144927535,4.323279529997159,-1.2235693850696228,10.0
Alec Pierce,IND,WR,24.0,16.0,13.0,37.0,824.0,7.0,22.27027027027027,0.0,0.0,0.0,0.0,0.0,2024,0.9411764705882352,0.8125,0.0,0.0,37.0,2.3125,51.5,0.4375,0.0,0.0,0.0,0.0,0.0,2.3125,142.9,8.93125,Alec Pierce,2024.0,8.166666666666666,6.288796526340005,2.6963141465704097,18.44970968484012,36.09805339838216,9.333333333333334,17.166666666666668,53.699102829537615,185.66666666666663,1.8333333333333333,3.1382102102102087,3.058093443259645,0.080116766950564,14.0
Allen Lazard,NYJ,WR,29.0,12.0,10.0,37.0,530.0,6.0,14.324324324324325,0.0,0.0,0.0,0.0,0.0,2024,0.7058823529411765,0.8333333333333334,0.0,0.0,38.0,3.083333333333333,44.16666666666666,0.5,0.0,0.0,0.0,0.0,0.0,3.1666666666666665,107.5,8.958333333333334,Allen Lazard,2024.0,5.333333333333333,5.391139898357004,2.5303948839252755,9.74891798941799,27.31280476523986,10.0,16.333333333333332,60.16534391534392,140.83333333333334,1.6666666666666667,3.8943438438438425,3.583392087157412,0.3109517566864311,10.0
Amari Cooper,FA,WR,30.0,14.0,10.0,44.0,547.0,4.0,12.431818181818182,0.0,0.0,0.0,0.0,0.0,2024,0.8235294117647058,0.7142857142857143,0.0,0.0,44.0,3.142857142857143,39.07142857142857,0.2857142857142857,0.0,0.0,0.0,0.0,0.0,3.142857142857143,100.7,7.192857142857143,Amari Cooper,2024.0,4.666666666666667,6.062643738977072,2.6858984669709893,12.524629992737836,41.307746466972176,8.666666666666666,17.444444444444443,49.92711899574644,106.44444444444444,0.7777777777777778,3.051699134199134,3.4863919174013884,-0.4346927832022542,7.333333333333333
Andrei Iosivas,CIN,WR,25.0,17.0,8.0,36.0,479.0,6.0,13.305555555555555,0.0,0.0,0.0,0.0,0.0,2024,1.0,0.4705882352941176,0.0,0.0,36.0,2.117647058823529,28.176470588235293,0.3529411764705882,0.0,0.0,0.0,0.0,0.0,2.117647058823529,101.9,5.994117647058824,Andrei Iosivas,2024.0,4.5,5.492171610169491,2.989548359534498,8.501481654957066,19.34165252206183,12.0,19.75,65.1112412177986,149.5,1.75,1.8491527777777768,2.019894454400136,-0.1707416766223586,80.0
Brandin Cooks,NO,WR,31.0,10.0,9.0,26.0,259.0,3.0,9.961538461538462,3.0,-3.0,0.0,0.0,0.0,2024,0.5882352941176471,0.9,0.0,0.0,29.0,2.6,25.9,0.3,0.3,-0.3,0.0,0.0,0.0,2.9,56.6,5.66,Brandin Cooks,2024.0,9.571428571428571,6.31471540880503,2.2881758557240954,13.45676662887377,30.8194264267376,6.428571428571429,13.714285714285714,46.4021164021164,61.71428571428572,0.7142857142857143,1.4466117216117218,2.2852603141046623,-0.8386485924929402,3.0
Brandon Aiyuk,SF,WR,26.0,7.0,7.0,25.0,374.0,0.0,14.96,0.0,0.0,0.0,0.0,0.0,2024,0.4117647058823529,1.0,0.0,0.0,25.0,3.571428571428572,53.42857142857143,0.0,0.0,0.0,0.0,0.0,0.0,3.571428571428572,49.9,7.128571428571428,Brandon Aiyuk,2024.0,3.142857142857143,4.961130192502533,2.264817112680277,12.721616008105372,26.026485056990104,6.857142857142857,12.857142857142858,51.88449848024316,100.14285714285714,0.0,3.5280928571428576,2.8382321928898406,0.6898606642530167,11.0
Calvin Austin III,PIT,WR,25.0,17.0,8.0,36.0,548.0,4.0,15.22222222222222,0.0,0.0,0.0,1.0,1.0,2024,1.0,0.4705882352941176,0.0,0.0,36.0,2.117647058823529,32.23529411764706,0.2352941176470588,0.0,0.0,0.0,0.0588235294117647,0.0588235294117647,2.117647058823529,94.8,5.576470588235295,Calvin Austin III,2024.0,11.166666666666666,5.748805555555555,2.544857099764964,12.46288888888889,31.889051303555565,3.5,5.166666666666667,68.88888888888889,52.0,0.1666666666666666,5.076999999999999,3.357386857875158,1.7196131421248408,19.0
Calvin Ridley,TEN,WR,30.0,17.0,14.0,64.0,1017.0,4.0,15.890625,8.0,55.0,1.0,1.0,1.0,2024,1.0,0.8235294117647058,0.0,0.0,72.0,3.764705882352941,59.8235294117647,0.2352941176470588,0.4705882352941176,3.235294117647059,0.0588235294117647,0.0588235294117647,0.0588235294117647,4.235294117647059,167.2,9.835294117647058,Calvin Ridley,2024.0,9.9375,5.951925508971705,2.651735357868364,16.595164186507937,47.57880725351919,7.875,14.625,55.0719246031746,134.66666666666666,0.5,4.235916865079365,3.4271663724211274,0.8087504926582376,0.0
Cedric Tillman,CLE,WR,24.0,11.0,6.0,29.0,339.0,3.0,11.689655172413794,1.0,-5.0,0.0,1.0,1.0,2024,0.6470588235294118,0.5454545454545454,0.0,0.0,30.0,2.636363636363636,30.818181818181817,0.2727272727272727,0.0909090909090909,-0.4545454545454545,0.0,0.0909090909090909,0.0909090909090909,2.727272727272727,63.9,5.809090909090909,Cedric Tillman,2024.0,7.0,5.916142135642136,2.6521690331803134,13.153436611008038,27.87340038268699,10.6,17.8,59.13471449185735,128.2,1.2,4.172408866995072,3.1990929693264487,0.973315897668624,19.0
CeeDee Lamb,DAL,WR,25.0,15.0,15.0,101.0,1194.0,6.0,11.821782178217822,14.0,70.0,0.0,1.0,1.0,2024,0.8823529411764706,1.0,1.0,0.0,115.0,6.733333333333333,79.6,0.4,0.9333333333333332,4.666666666666667,0.0,0.0666666666666666,0.0666666666666666,7.666666666666667,210.9,14.06,CeeDee Lamb,2024.0,8.0625,5.653422863441705,2.798100253891407,8.080315498103763,30.052777501844226,12.625,19.0,65.79401759016697,149.25,0.75,6.200338577556245,3.312972505293731,2.887366072262514,88.0
Chris Godwin,TB,WR,28.0,7.0,7.0,50.0,576.0,5.0,11.52,1.0,2.0,0.0,1.0,0.0,2024,0.4117647058823529,1.0,0.0,0.0,51.0,7.142857142857143,82.28571428571429,0.7142857142857143,0.1428571428571428,0.2857142857142857,0.0,0.1428571428571428,0.0,7.285714285714286,112.8,16.114285714285717,Chris Godwin,2024.0,3.5,6.308788116123642,3.288837769375877,5.715917812586159,26.50981621138202,12.5,15.5,80.90062379376896,144.0,1.25,7.171449323593073,5.186910487841257,1.9845388357518163,14.0
Chris Olave,NO,WR,24.0,8.0,8.0,32.0,400.0,1.0,12.5,1.0,7.0,0.0,1.0,1.0,2024,0.4705882352941176,1.0,0.0,0.0,33.0,4.0,50.0,0.125,0.125,0.875,0.0,0.125,0.125,4.125,60.7,7.5875,Chris Olave,2024.0,4.25,7.642797619047619,3.187554754148741,11.601071428571426,47.879830951274975,6.5,9.0,75.95238095238095,90.25,0.25,4.4470833333333335,4.2396876325609,0.2073957007724338,12.0
Christian Kirk,HOU,WR,28.0,8.0,7.0,27.0,379.0,1.0,14.037037037037036,0.0,0.0,0.0,0.0,0.0,2024,0.4705882352941176,0.875,0.0,0.0,27.0,3.375,47.375,0.125,0.0,0.0,0.0,0.0,0.0,3.375,57.4,7.175,Christian Kirk,2024.0,4.2,6.637419946719947,2.728102248912805,12.87158085106383,27.319984378474214,9.4,16.0,57.15602836879433,123.4,0.4,6.329470899470898,5.222165754789839,1.1073051446810598,13.0
Christian Watson,GB,WR,25.0,15.0,15.0,29.0,620.0,2.0,21.379310344827587,4.0,23.0,0.0,1.0,1.0,2024,0.8823529411764706,1.0,0.0,0.0,33.0,1.933333333333333,41.333333333333336,0.1333333333333333,0.2666666666666666,1.5333333333333334,0.0,0.0666666666666666,0.0666666666666666,2.2,88.8,5.92,Christian Watson,2024.0,7.833333333333333,5.11465811965812,2.406408433988094,14.974786463012878,34.86997734519347,7.666666666666667,14.0,55.23060796645702,146.5,0.5,4.017413793103448,4.130969561436251,-0.1135557683328023,9.0
Cooper Kupp,SEA,WR,31.0,12.0,11.0,67.0,710.0,6.0,10.597014925373134,2.0,10.0,0.0,1.0,0.0,2024,0.7058823529411765,0.9166666666666666,0.0,0.0,69.0,5.583333333333333,59.16666666666666,0.5,0.1666666666666666,0.8333333333333334,0.0,0.0833333333333333,0.0,5.75,141.5,11.791666666666666,Cooper Kupp,2024.0,8.0,7.142398706702655,3.3214440998275045,7.997968246753247,27.46793692482054,13.0,19.1,68.66320346320347,136.7,1.2,4.462642446856626,3.808137341542389,0.654505105314237,10.0
Cordarrelle Patterson,PIT,WR,29.0,16.0,3.0,21.0,132.0,0.0,6.285714285714286,64.0,232.0,1.0,0.0,0.0,2020,1.0,0.1875,1.0,1.0,85.0,1.3125,8.25,0.0,4.0,14.5,0.0625,0.0,0.0,5.3125,52.900000000000006,3.3062500000000004,,,,,,,,,,,,,,,,
Courtland Sutton,DEN,WR,29.0,17.0,13.0,81.0,1081.0,8.0,13.34567901234568,0.0,0.0,0.0,1.0,1.0,2024,1.0,0.7647058823529411,0.0,0.0,83.0,4.764705882352941,63.588235294117645,0.4705882352941176,0.0,0.0,0.0,0.0588235294117647,0.0588235294117647,4.882352941176471,199.8,11.75294117647059,Courtland Sutton,2024.0,9.25,6.104747491360978,2.4814075663041475,13.240192475348724,50.774063767336926,10.0625,16.625,61.51131854256854,133.5,1.0,2.3864744819223995,2.471453571838166,-0.0849790899157666,14.0
Darius Slayton,NYG,WR,27.0,16.0,13.0,39.0,573.0,2.0,14.692307692307692,2.0,17.0,0.0,1.0,0.0,2024,0.9411764705882352,0.8125,0.0,0.0,41.0,2.4375,35.8125,0.125,0.125,1.0625,0.0,0.0625,0.0,2.5625,90.5,5.65625,Darius Slayton,2024.0,7.142857142857143,5.181184049904546,2.1680358718069046,14.644173621817483,39.77983359807633,9.142857142857142,16.714285714285715,52.28740407814854,135.85714285714286,0.4285714285714285,3.194885531135532,2.1211439928846305,1.0737415382509008,86.0
Darnell Mooney,ATL,WR,27.0,16.0,16.0,64.0,992.0,5.0,15.5,0.0,0.0,0.0,0.0,0.0,2024,0.9411764705882352,1.0,0.0,0.0,65.0,4.0,62.0,0.3125,0.0,0.0,0.0,0.0,0.0,4.0625,161.2,10.075,Darnell Mooney,2024.0,8.142857142857142,6.413595031952175,3.2082855845666947,12.825762399456638,36.00562188359414,8.928571428571429,14.571428571428571,62.05784986950755,138.71428571428572,0.7142857142857143,4.729066716269841,4.902056921664863,-0.1729902053950204,1.0
Davante Adams,LAR,WR,32.0,14.0,14.0,85.0,1063.0,8.0,12.505882352941176,0.0,0.0,0.0,0.0,0.0,2024,0.8235294117647058,1.0,0.0,0.0,85.0,6.071428571428571,75.92857142857143,0.5714285714285714,0.0,0.0,0.0,0.0,0.0,6.071428571428571,196.8,14.05714285714286,Davante Adams,2024.0,9.6,5.616813191486876,3.274806565266729,8.324967905616841,37.46806810502438,11.333333333333334,18.8,61.55979757043587,141.73333333333332,1.0666666666666669,5.451468720821663,4.36467404501471,1.0867946758069522,17.0
DeAndre Hopkins,BAL,WR,32.0,16.0,8.0,56.0,610.0,5.0,10.892857142857142,0.0,0.0,0.0,1.0,0.0,2024,0.9411764705882352,0.5,0.0,0.0,56.0,3.5,38.125,0.3125,0.0,0.0,0.0,0.0625,0.0,3.5,119.0,7.4375,DeAndre Hopkins,2024.0,9.11111111111111,5.831624915208248,2.602297554799448,11.027207671957672,30.014217366189712,10.666666666666666,15.22222222222222,71.8694885361552,120.0,1.1111111111111112,3.0636335978835985,3.3123811299661483,-0.2487475320825497,8.444444444444445
DeVonta Smith,PHI,WR,26.0,13.0,13.0,68.0,833.0,8.0,12.25,1.0,1.0,0.0,0.0,0.0,2024,0.7647058823529411,1.0,0.0,0.0,69.0,5.230769230769231,64.07692307692308,0.6153846153846154,0.0769230769230769,0.0769230769230769,0.0,0.0,0.0,5.307692307692308,165.4,12.723076923076924,DeVonta Smith,2024.0,8.727272727272727,6.625897907647908,2.884987836264246,9.837208436694391,37.90451184302354,11.818181818181818,15.363636363636363,76.54543022520551,144.54545454545453,1.3636363636363635,3.8402673218047534,3.557257981480818,0.2830093403239369,6.0
Diontae Johnson,CLE,WR,28.0,12.0,8.0,33.0,375.0,3.0,11.363636363636363,2.0,6.0,0.0,0.0,0.0,2024,0.7058823529411765,0.6666666666666666,0.0,0.0,35.0,2.75,31.25,0.25,0.1666666666666666,0.5,0.0,0.0,0.0,2.9166666666666665,72.6,6.05,Diontae Johnson,2024.0,3.0,5.095734519448805,2.6699127393531263,9.880709170005543,37.756666368767966,8.857142857142858,17.428571428571427,50.51086795223256,102.14285714285714,0.8571428571428571,2.771467996289425,3.484430339752109,-0.7129623434626835,16.0
Drake London,ATL,WR,23.0,17.0,17.0,100.0,1271.0,9.0,12.71,1.0,-3.0,0.0,0.0,0.0,2024,1.0,1.0,0.0,0.0,101.0,5.882352941176471,74.76470588235294,0.5294117647058824,0.0588235294117647,-0.1764705882352941,0.0,0.0,0.0,5.941176470588236,230.8,13.576470588235296,Drake London,2024.0,8.933333333333334,6.682569791319792,2.507025195930228,10.343187225854315,38.96084780485168,12.866666666666667,20.53333333333333,62.812917626208765,163.13333333333333,1.0666666666666669,3.520895608465608,2.756413562642947,0.7644820458226609,5.0
Garrett Wilson,NYJ,WR,24.0,17.0,17.0,101.0,1104.0,7.0,10.930693069306932,2.0,5.0,0.0,2.0,2.0,2024,1.0,1.0,0.0,0.0,103.0,5.941176470588236,64.94117647058823,0.4117647058823529,0.1176470588235294,0.2941176470588235,0.0,0.1176470588235294,0.1176470588235294,6.0588235294117645,199.4,11.729411764705883,Garrett Wilson,2024.0,8.833333333333334,5.264881264537086,3.201629396528243,8.92490152473667,35.485688030502764,11.22222222222222,17.11111111111111,66.99872256031676,122.66666666666669,0.7777777777777778,5.0354771191557495,4.544602281650863,0.4908748375048873,5.0
George Pickens,DAL,WR,23.0,14.0,12.0,59.0,900.0,3.0,15.254237288135592,2.0,-6.0,0.0,1.0,1.0,2024,0.8235294117647058,0.8571428571428571,0.0,0.0,61.0,4.214285714285714,64.28571428571429,0.2142857142857142,0.1428571428571428,-0.4285714285714285,0.0,0.0714285714285714,0.0714285714285714,4.357142857142857,134.9,9.635714285714286,George Pickens,2024.0,8.214285714285714,5.794608628464888,2.3849823778252417,13.648520934278393,48.48487514962638,8.285714285714286,14.428571428571429,57.05252695370587,126.5,0.4285714285714285,4.919558226680501,3.743282817320632,1.1762754093598695,14.0
Greg Dortch,ARI,WR,26.0,17.0,4.0,37.0,342.0,3.0,9.243243243243244,5.0,31.0,0.0,3.0,1.0,2024,1.0,0.2352941176470588,0.0,0.0,42.0,2.176470588235294,20.11764705882353,0.1764705882352941,0.2941176470588235,1.8235294117647056,0.0,0.1764705882352941,0.0588235294117647,2.4705882352941178,71.80000000000001,4.223529411764707,Greg Dortch,2024.0,2.5,6.871800595238096,3.450348726363379,6.967670833333333,16.751815521043593,12.25,17.25,64.75,115.0,0.75,7.107331081081081,4.887585038665966,2.2197460424151148,4.0
Ja'Marr Chase,CIN,WR,24.0,17.0,16.0,127.0,1708.0,17.0,13.448818897637794,3.0,32.0,0.0,0.0,0.0,2024,1.0,0.9411764705882352,1.0,0.0,130.0,7.470588235294118,100.47058823529412,1.0,0.1764705882352941,1.8823529411764703,0.0,0.0,0.0,7.647058823529412,339.5,19.97058823529412,Ja'Marr Chase,2024.0,8.833333333333334,5.63887956950457,3.203881312013989,8.673467114965643,32.45907632846729,14.11111111111111,19.444444444444443,74.1657496461418,189.77777777777777,1.8888888888888888,6.718342940718269,3.852757373675608,2.865585567042661,1.0
Jakobi Meyers,LV,WR,28.0,15.0,15.0,87.0,1027.0,4.0,11.804597701149426,2.0,23.0,0.0,0.0,0.0,2024,0.8823529411764706,1.0,0.0,0.0,89.0,5.8,68.46666666666667,0.2666666666666666,0.1333333333333333,1.5333333333333334,0.0,0.0,0.0,5.933333333333334,172.5,11.5,Jakobi Meyers,2024.0,9.8,6.289886228956229,2.7194461416762965,9.59584802622012,33.80711436882429,11.4,17.0,66.62118415606787,132.86666666666667,0.5333333333333333,3.772516009852217,3.465709906558926,0.3068061032932913,16.0
Jalen Coker,CAR,WR,23.0,11.0,4.0,32.0,478.0,2.0,14.9375,0.0,0.0,0.0,0.0,0.0,2024,0.6470588235294118,0.3636363636363636,0.0,0.0,33.0,2.909090909090909,43.45454545454545,0.1818181818181818,0.0,0.0,0.0,0.0,0.0,3.0,76.56,6.96,Jalen Coker,2024.0,11.166666666666666,6.53631746031746,2.540452259989486,10.927396394064871,28.596643759231128,8.666666666666666,13.0,63.39975845410627,129.5,0.6666666666666666,5.407482638888888,3.3064023107847738,2.101080328104114,18.0
Jalen McMillan,TB,WR,23.0,13.0,12.0,37.0,461.0,8.0,12.45945945945946,4.0,43.0,0.0,0.0,0.0,2024,0.7647058823529411,0.9230769230769232,0.0,0.0,41.0,2.8461538461538463,35.46153846153846,0.6153846153846154,0.3076923076923077,3.3076923076923075,0.0,0.0,0.0,3.1538461538461537,116.9,8.992307692307692,Jalen McMillan,2024.0,11.875,7.519738636363636,3.341644646491784,11.95444083538588,26.03929981447217,8.5,13.0,69.20925697865353,103.375,1.875,3.845594031531531,4.011217819967655,-0.1656237884361241,15.0
Jalen Tolbert,DAL,WR,25.0,17.0,15.0,49.0,610.0,7.0,12.448979591836734,0.0,0.0,0.0,0.0,0.0,2024,1.0,0.8823529411764706,0.0,0.0,49.0,2.8823529411764706,35.88235294117647,0.4117647058823529,0.0,0.0,0.0,0.0,0.0,2.8823529411764706,127.5,7.5,Jalen Tolbert,2024.0,7.111111111111111,6.533029029029029,2.702665650074336,12.719021097046411,25.532495251439745,9.0,14.444444444444445,61.70651664322551,112.88888888888889,1.1111111111111112,3.293707482993198,3.389334445236366,-0.0956269622431681,1.0
Jameson Williams,DET,WR,23.0,15.0,11.0,58.0,1001.0,7.0,17.25862068965517,11.0,61.0,1.0,0.0,0.0,2024,0.8823529411764706,0.7333333333333333,0.0,0.0,69.0,3.866666666666666,66.73333333333333,0.4666666666666667,0.7333333333333333,4.066666666666666,0.0666666666666666,0.0,0.0,4.6,183.2,12.213333333333336,Jameson Williams,2024.0,10.75,6.5450626503126506,3.288158945241566,11.454960282772785,33.74961896075207,9.083333333333334,14.333333333333334,63.80822880822881,151.91666666666666,1.0,6.842039750957853,5.597256189536154,1.2447835614217002,9.0
Jauan Jennings,SF,WR,27.0,15.0,10.0,77.0,975.0,6.0,12.662337662337665,0.0,0.0,0.0,1.0,0.0,2024,0.8823529411764706,0.6666666666666666,0.0,0.0,77.0,5.133333333333334,65.0,0.4,0.0,0.0,0.0,0.0666666666666666,0.0,5.133333333333334,172.0,11.466666666666669,Jauan Jennings,2024.0,10.0,5.379626781293558,2.545469101143261,10.370366850736003,34.41568571312803,10.785714285714286,15.571428571428571,69.4407981749954,135.71428571428572,0.8571428571428571,3.300110235003092,2.630932774115217,0.6691774608878751,15.0
Jayden Reed,GB,WR,24.0,17.0,10.0,55.0,857.0,6.0,15.581818181818182,20.0,163.0,1.0,3.0,1.0,2024,1.0,0.5882352941176471,0.0,0.0,75.0,3.235294117647059,50.41176470588236,0.3529411764705882,1.1764705882352942,9.588235294117649,0.0588235294117647,0.1764705882352941,0.0588235294117647,4.411764705882353,169.5,9.970588235294118,Jayden Reed,2024.0,6.222222222222222,7.240420365886468,4.296848267110691,7.486744444444445,15.331429879185764,10.333333333333334,13.88888888888889,75.27777777777777,162.33333333333334,1.2222222222222223,7.982033429533429,6.350646842440361,1.631386587093068,11.0
Jaylen Waddle,MIA,WR,26.0,15.0,15.0,58.0,744.0,2.0,12.827586206896552,4.0,12.0,0.0,0.0,0.0,2024,0.8823529411764706,1.0,0.0,0.0,62.0,3.866666666666666,49.6,0.1333333333333333,0.2666666666666666,0.8,0.0,0.0,0.0,4.133333333333334,116.6,7.773333333333334,Jaylen Waddle,2024.0,7.5,4.820986392405063,3.467159631614519,9.21930455153949,30.84025836908516,10.3,14.9,69.15461847389558,137.3,0.3,5.035149521072797,4.933296282343858,0.1018532387289386,17.0
Jerry Jeudy,CLE,WR,25.0,17.0,16.0,90.0,1229.0,4.0,13.655555555555557,0.0,0.0,0.0,0.0,0.0,2024,1.0,0.9411764705882352,1.0,0.0,90.0,5.294117647058823,72.29411764705883,0.2352941176470588,0.0,0.0,0.0,0.0,0.0,5.294117647058823,191.9,11.288235294117648,Jerry Jeudy,2024.0,8.933333333333334,5.901471659939745,2.683053394084455,11.31877769101907,34.88350050560259,11.733333333333333,18.73333333333333,63.20109009764182,159.13333333333333,0.5333333333333333,4.147634295334295,4.082004780960626,0.0656295143736678,3.0
Jordan Addison,MIN,WR,22.0,15.0,15.0,63.0,875.0,9.0,13.88888888888889,3.0,20.0,1.0,0.0,0.0,2024,0.8823529411764706,1.0,0.0,0.0,66.0,4.2,58.333333333333336,0.6,0.2,1.3333333333333333,0.0666666666666666,0.0,0.0,4.4,181.0,12.066666666666666,Jordan Addison,2024.0,11.666666666666666,6.082109669388925,3.02421626088958,12.893387205387208,31.70259062885664,9.583333333333334,15.25,61.06691919191919,129.58333333333334,1.4166666666666667,3.73983167989418,3.4198619102828425,0.3199697696113373,3.0
Jordan Whittington,LAR,WR,24.0,15.0,3.0,22.0,293.0,0.0,13.318181818181818,2.0,12.0,0.0,0.0,0.0,2024,0.8823529411764706,0.2,0.0,0.0,24.0,1.4666666666666666,19.53333333333333,0.0,0.1333333333333333,0.8,0.0,0.0,0.0,1.6,41.5,2.7666666666666666,Jordan Whittington,2024.0,4.5,5.899722222222223,4.280661755579132,7.404999999999999,24.3709994259523,6.5,9.0,72.5,75.5,0.0,6.130238095238095,5.184786625913171,0.9454514693249244,88.0
Josh Downs,IND,WR,23.0,14.0,8.0,72.0,803.0,5.0,11.15277777777778,1.0,12.0,0.0,0.0,0.0,2024,0.8235294117647058,0.5714285714285714,0.0,0.0,73.0,5.142857142857143,57.35714285714285,0.3571428571428571,0.0714285714285714,0.8571428571428571,0.0,0.0,0.0,5.214285714285714,147.5,10.535714285714286,Josh Downs,2024.0,8.416666666666666,5.686661285473786,3.2787918706596813,6.92506750310956,19.09462039184013,11.416666666666666,16.916666666666668,67.2789764320138,126.66666666666669,0.75,5.842490410052911,5.728977900219028,0.1135125098338826,1.0
Josh Reynolds,NYJ,WR,29.0,9.0,2.0,13.0,194.0,1.0,14.923076923076923,0.0,0.0,0.0,0.0,0.0,2024,0.5294117647058824,0.2222222222222222,0.0,0.0,13.0,1.4444444444444444,21.55555555555556,0.1111111111111111,0.0,0.0,0.0,0.0,0.0,1.4444444444444444,31.9,3.5444444444444447,Josh Reynolds,2024.0,1.5,6.650499999999999,2.8125205385958374,11.898999999999996,25.29170768835543,4.5,6.5,71.25,69.0,0.0,4.429500000000001,3.3222878828032094,1.1072121171967917,11.0
Justin Jefferson,MIN,WR,25.0,17.0,17.0,103.0,1533.0,10.0,14.883495145631068,1.0,3.0,0.0,1.0,0.0,2024,1.0,1.0,1.0,0.0,105.0,6.0588235294117645,90.17647058823528,0.5882352941176471,0.0588235294117647,0.1764705882352941,0.0,0.0588235294117647,0.0,6.176470588235294,265.98,15.645882352941175,Justin Jefferson,2024.0,9.166666666666666,5.780883935729174,3.064269062004751,11.280982956857956,38.17886106179297,11.444444444444445,17.11111111111111,67.72408147408147,170.33333333333334,1.1111111111111112,5.365604689988185,4.657502627220031,0.7081020627681549,18.0
KaVontae Turpin,DAL,WR,28.0,17.0,2.0,31.0,420.0,2.0,13.548387096774194,16.0,92.0,0.0,3.0,1.0,2024,1.0,0.1176470588235294,0.0,0.0,47.0,1.8235294117647056,24.705882352941178,0.1176470588235294,0.9411764705882352,5.411764705882353,0.0,0.1764705882352941,0.0588235294117647,2.764705882352941,76.7,4.511764705882353,KaVontae Turpin,2024.0,10.5,7.141500000000001,4.2123391899016704,6.870571428571428,12.997617518477512,3.75,5.5,69.28571428571428,45.0,0.0,9.765833333333331,7.924069363768042,1.841763969565292,9.0
Keenan Allen,FA,WR,32.0,15.0,15.0,70.0,744.0,7.0,10.628571428571428,0.0,0.0,0.0,1.0,0.0,2024,0.8823529411764706,1.0,0.0,0.0,71.0,4.666666666666667,49.6,0.4666666666666667,0.0,0.0,0.0,0.0666666666666666,0.0,4.733333333333333,150.4,10.026666666666667,Keenan Allen,2024.0,9.785714285714286,6.234873841129372,2.905600259215997,9.744240296500037,34.57341159590151,9.571428571428571,16.857142857142858,57.60744666588823,103.14285714285714,1.0,3.839053287981859,4.08637373674562,-0.247320448763761,13.0
Keon Coleman,BUF,WR,21.0,13.0,12.0,29.0,556.0,4.0,19.17241379310345,1.0,9.0,0.0,0.0,0.0,2024,0.7647058823529411,0.9230769230769232,0.0,0.0,30.0,2.230769230769231,42.76923076923077,0.3076923076923077,0.0769230769230769,0.6923076923076923,0.0,0.0,0.0,2.3076923076923075,95.0,7.3076923076923075,Keon Coleman,2024.0,8.0,4.515126417233559,2.110488891898661,13.58654493376298,37.49627466356937,6.857142857142857,14.0,48.90082348728965,129.85714285714286,1.0,11.304963875205257,3.762807079390946,7.542156795814308,0.0
Khalil Shakir,BUF,WR,24.0,15.0,9.0,76.0,821.0,4.0,10.802631578947368,2.0,4.0,0.0,1.0,0.0,2024,0.8823529411764706,0.6,0.0,0.0,78.0,5.066666666666666,54.73333333333333,0.2666666666666666,0.1333333333333333,0.2666666666666666,0.0,0.0666666666666666,0.0,5.2,144.5,9.633333333333333,Khalil Shakir,2024.0,9.214285714285714,6.762045212217704,4.15695269904417,5.717810430839002,16.276037874512806,10.5,13.928571428571429,75.26700680272108,112.92857142857144,0.5,7.774032208497434,6.684934484548839,1.0890977239485948,10.0
Kyle Williams,NE,WR,25.0,10.0,5.0,12.0,113.0,0.0,9.416666666666666,2.0,23.0,0.0,2.0,0.0,2013,0.625,0.5,0.0,0.0,14.0,1.2,11.3,0.0,0.2,2.3,0.0,0.2,0.0,1.4,19.6,1.96,,,,,,,,,,,,,,,,
Ladd McConkey,LAC,WR,23.0,16.0,14.0,82.0,1149.0,7.0,14.01219512195122,0.0,0.0,0.0,2.0,0.0,2024,0.9411764705882352,0.875,0.0,0.0,82.0,5.125,71.8125,0.4375,0.0,0.0,0.0,0.125,0.0,5.125,197.9,12.36875,Ladd McConkey,2024.0,9.333333333333334,5.8959241439764805,3.2158762332468305,9.617451322751322,29.75048640074861,10.666666666666666,14.533333333333331,74.3015873015873,148.8,0.9333333333333332,4.917389882565492,4.1411986737532605,0.7761912088122324,15.0
Malik Nabers,NYG,WR,21.0,15.0,13.0,109.0,1204.0,7.0,11.045871559633028,5.0,2.0,0.0,1.0,0.0,2024,0.8823529411764706,0.8666666666666667,0.0,0.0,115.0,7.266666666666667,80.26666666666667,0.4666666666666667,0.3333333333333333,0.1333333333333333,0.0,0.0666666666666666,0.0,7.666666666666667,217.1,14.473333333333334,Malik Nabers,2024.0,9.3125,6.105524111432267,2.7790223534026253,9.372163528873088,45.45918618555704,13.625,21.25,64.56665475047828,150.5,0.875,4.514795234454638,3.639548001072153,0.8752472333824848,1.0
Marvin Harrison Jr.,ARI,WR,22.0,17.0,16.0,62.0,885.0,8.0,14.274193548387096,0.0,0.0,0.0,1.0,1.0,2024,1.0,0.9411764705882352,0.0,0.0,62.0,3.647058823529412,52.05882352941177,0.4705882352941176,0.0,0.0,0.0,0.0588235294117647,0.0588235294117647,3.647058823529412,165.5,9.735294117647058,Marvin Harrison Jr.,2024.0,10.2,5.008544300144299,2.1217415719267936,13.5205898989899,46.11058787421577,4.066666666666666,7.4,56.760461760461766,58.73333333333333,0.5333333333333333,2.8838000000000004,2.755537360751528,0.1282626392484724,18.0
Michael Pittman Jr.,IND,WR,27.0,16.0,14.0,69.0,808.0,3.0,11.710144927536232,0.0,0.0,0.0,1.0,1.0,2024,0.9411764705882352,0.875,0.0,0.0,69.0,4.3125,50.5,0.1875,0.0,0.0,0.0,0.0625,0.0625,4.3125,131.3,8.20625,,,,,,,,,,,,,,,,
Michael Wilson,ARI,WR,24.0,16.0,13.0,47.0,548.0,4.0,11.659574468085106,1.0,7.0,0.0,1.0,1.0,2024,0.9411764705882352,0.8125,0.0,0.0,48.0,2.9375,34.25,0.25,0.0625,0.4375,0.0,0.0625,0.0625,3.0,101.0,6.3125,Michael Wilson,2024.0,8.25,6.610011904761905,2.8141209877018944,11.297857394366195,29.96583767472377,9.875,14.625,67.83813995081601,110.0,0.625,3.3471427304964543,2.838682076883415,0.5084606536130386,14.0
Mike Evans,TB,WR,31.0,14.0,14.0,74.0,1004.0,11.0,13.567567567567568,0.0,0.0,0.0,0.0,0.0,2024,0.8235294117647058,1.0,0.0,0.0,74.0,5.285714285714286,71.71428571428571,0.7857142857142857,0.0,0.0,0.0,0.0,0.0,5.285714285714286,203.4,14.528571428571428,Mike Evans,2024.0,9.461538461538462,6.68827829662692,2.3792805424445933,11.80705305805306,44.14243185486571,11.153846153846152,16.46153846153846,68.46181596181597,151.23076923076923,1.6153846153846154,3.642559944559944,2.803434241742381,0.8391257028175638,13.0
Mike Williams,LAC,WR,30.0,18.0,5.0,21.0,298.0,1.0,14.19047619047619,0.0,0.0,0.0,0.0,0.0,2024,1.0588235294117647,0.2777777777777778,0.0,0.0,21.0,1.1666666666666667,16.555555555555557,0.0555555555555555,0.0,0.0,0.0,0.0,0.0,1.1666666666666667,46.3,2.572222222222222,Mike Williams,2024.0,4.0,5.3725,3.241816675707335,14.448,25.045070031895712,4.0,5.0,80.0,67.0,0.0,2.9075000000000024,3.8592913195128062,-0.9517913195128038,18.0
Nico Collins,HOU,WR,25.0,12.0,12.0,68.0,1006.0,7.0,14.794117647058824,0.0,0.0,0.0,0.0,0.0,2024,0.7058823529411765,1.0,1.0,0.0,68.0,5.666666666666667,83.83333333333333,0.5833333333333334,0.0,0.0,0.0,0.0,0.0,5.666666666666667,176.60000000000002,14.716666666666669,Nico Collins,2024.0,9.333333333333334,5.273349545626331,2.9629067805060623,11.182434674122172,35.51125853872026,11.166666666666666,16.333333333333332,67.98160173160173,161.16666666666666,1.0833333333333333,5.550987278244631,5.044079150350343,0.5069081278942881,12.0
Noah Brown,WAS,WR,28.0,11.0,9.0,35.0,453.0,1.0,12.942857142857145,0.0,0.0,0.0,0.0,0.0,2024,0.6470588235294118,0.8181818181818182,0.0,0.0,35.0,3.1818181818181817,41.18181818181818,0.0909090909090909,0.0,0.0,0.0,0.0,0.0,3.1818181818181817,68.80000000000001,6.254545454545456,Noah Brown,2024.0,7.5,6.728889652014652,2.286296683182409,12.519198412698412,31.81518207168684,9.333333333333334,15.5,58.11507936507937,124.66666666666669,0.3333333333333333,1.9672579365079368,2.2437198978202626,-0.2764619613123255,85.0
Parker Washington,JAX,WR,22.0,17.0,7.0,32.0,390.0,3.0,12.1875,0.0,0.0,0.0,2.0,0.0,2024,1.0,0.4117647058823529,0.0,0.0,32.0,1.8823529411764703,22.94117647058824,0.1764705882352941,0.0,0.0,0.0,0.1176470588235294,0.0,1.8823529411764703,73.0,4.294117647058823,Parker Washington,2024.0,10.6,6.5545333333333335,3.190996290839438,11.922333333333333,26.566915881805848,10.0,16.2,62.549019607843135,128.4,0.8,4.441729166666667,2.817696463275744,1.6240327033909228,11.0
Puka Nacua,LAR,WR,23.0,11.0,11.0,79.0,990.0,3.0,12.531645569620252,11.0,46.0,1.0,0.0,0.0,2024,0.6470588235294118,1.0,0.0,0.0,90.0,7.181818181818182,90.0,0.2727272727272727,1.0,4.181818181818182,0.0909090909090909,0.0,0.0,8.181818181818182,167.1,15.19090909090909,Puka Nacua,2024.0,11.6,6.628921481296482,3.2643230167717,7.538154053493676,32.24066978885526,15.3,20.4,75.96320869905776,193.4,0.6,6.802361799276672,5.312238570422704,1.490123228853968,17.0
Quentin Johnston,LAC,WR,23.0,15.0,11.0,55.0,711.0,8.0,12.927272727272728,3.0,6.0,0.0,0.0,0.0,2024,0.8823529411764706,0.7333333333333333,0.0,0.0,58.0,3.6666666666666665,47.4,0.5333333333333333,0.2,0.4,0.0,0.0,0.0,3.866666666666666,147.2,9.813333333333333,Quentin Johnston,2024.0,9.916666666666666,5.829782356532356,3.0634565325752834,11.868812194749694,31.863165834262983,8.416666666666666,14.166666666666666,54.62988400488401,120.0,1.1666666666666667,5.297600021190932,4.224739332179304,1.0728606890116277,1.0
Rashee Rice,KC,WR,24.0,4.0,4.0,24.0,288.0,2.0,12.0,1.0,1.0,0.0,0.0,0.0,2024,0.2352941176470588,1.0,0.0,0.0,25.0,6.0,72.0,0.5,0.25,0.25,0.0,0.0,0.0,6.25,52.900000000000006,13.225,Rashee Rice,2024.0,2.0,6.232420634920636,4.236691317269705,5.063042328042328,35.8961786237517,8.0,9.666666666666666,82.27513227513228,96.0,0.6666666666666666,8.901206349206351,6.787062180729676,2.1141441684766744,4.0
Rashid Shaheed,NO,WR,26.0,6.0,5.0,20.0,349.0,3.0,17.45,6.0,29.0,0.0,1.0,1.0,2024,0.3529411764705882,0.8333333333333334,0.0,0.0,26.0,3.333333333333333,58.16666666666666,0.5,1.0,4.833333333333333,0.0,0.1666666666666666,0.1666666666666666,4.333333333333333,63.8,10.633333333333333,Rashid Shaheed,2024.0,3.8,6.187685714285715,2.7219694743527096,18.312641269841272,48.69047618052302,3.2,7.4,38.29148629148629,63.25,0.4,6.286041666666668,6.259763509423954,0.0262781572427137,22.0
Rashod Bateman,BAL,WR,25.0,17.0,14.0,45.0,756.0,9.0,16.8,0.0,0.0,0.0,0.0,0.0,2024,1.0,0.8235294117647058,0.0,0.0,45.0,2.647058823529412,44.47058823529412,0.5294117647058824,0.0,0.0,0.0,0.0,0.0,2.647058823529412,152.10000000000002,8.947058823529414,Rashod Bateman,2024.0,8.5,5.547879464285714,3.754505621757461,15.823024305555556,32.03025608938097,8.5,14.5,51.25,141.875,1.75,6.450444444444445,5.46768226493487,0.982762179509574,7.0
Ricky Pearsall,SF,WR,24.0,11.0,4.0,31.0,400.0,3.0,12.903225806451612,3.0,45.0,0.0,0.0,0.0,2024,0.6470588235294118,0.3636363636363636,0.0,0.0,35.0,2.8181818181818183,36.36363636363637,0.2727272727272727,0.2727272727272727,4.090909090909091,0.0,0.0,0.0,3.1818181818181817,78.0,7.090909090909091,Ricky Pearsall,2024.0,10.4,5.825578787878788,2.281042151442965,10.156723188405795,22.200719800455914,10.4,15.0,69.81159420289855,140.8,1.2,4.236981182795699,4.0150469793594405,0.221934203436258,14.0
Robert Woods,PIT,WR,32.0,15.0,4.0,20.0,203.0,0.0,10.15,0.0,0.0,0.0,3.0,1.0,2024,0.8823529411764706,0.2666666666666666,0.0,0.0,20.0,1.3333333333333333,13.533333333333331,0.0,0.0,0.0,0.0,0.2,0.0666666666666666,1.3333333333333333,28.3,1.8866666666666667,Robert Woods,2024.0,16.0,4.1475,4.444699783179822,12.126666666666663,17.775389050399433,3.0,6.0,50.0,19.0,0.0,5.350000000000001,7.215769062328377,-1.865769062328376,2.0
Rome Odunze,CHI,WR,22.0,17.0,12.0,54.0,734.0,3.0,13.592592592592592,3.0,15.0,0.0,2.0,1.0,2024,1.0,0.7058823529411765,0.0,0.0,57.0,3.176470588235294,43.1764705882353,0.1764705882352941,0.1764705882352941,0.8823529411764706,0.0,0.1176470588235294,0.0588235294117647,3.3529411764705883,117.9,6.935294117647059,Rome Odunze,2024.0,9.076923076923077,5.866919561621174,2.892425340391348,13.70192599479728,35.18705665343237,7.769230769230769,14.384615384615383,54.75540960689476,105.6923076923077,0.4615384615384615,5.501757834757836,4.610766907262505,0.8909909274953312,15.0
Romeo Doubs,GB,WR,24.0,13.0,12.0,46.0,601.0,4.0,13.065217391304348,0.0,0.0,0.0,0.0,0.0,2024,0.7647058823529411,0.9230769230769232,0.0,0.0,46.0,3.5384615384615383,46.23076923076923,0.3076923076923077,0.0,0.0,0.0,0.0,0.0,3.5384615384615383,107.1,8.238461538461538,Romeo Doubs,2024.0,8.11111111111111,6.147011343594677,2.5971266835943845,11.946148148148149,28.88933279413483,9.11111111111111,14.444444444444445,61.629789963123294,115.11111111111111,0.6666666666666666,3.708384518058432,3.4856152277690486,0.2227692902893832,87.0
Stefon Diggs,NE,WR,31.0,8.0,8.0,47.0,496.0,3.0,10.5531914893617,3.0,8.0,1.0,0.0,0.0,2024,0.4705882352941176,1.0,0.0,0.0,51.0,5.875,62.0,0.375,0.375,1.0,0.125,0.0,0.0,6.375,98.42,12.3025,Stefon Diggs,2024.0,4.0,6.833473776641856,2.9936774791019745,8.650969742063491,26.873966397333543,10.444444444444445,14.22222222222222,74.07682980599647,110.22222222222224,0.6666666666666666,4.138723798266351,4.003760082554749,0.1349637157116032,1.0
Tee Higgins,CIN,WR,25.0,12.0,9.0,73.0,911.0,10.0,12.47945205479452,0.0,0.0,0.0,1.0,1.0,2024,0.7058823529411765,0.75,0.0,0.0,73.0,6.083333333333333,75.91666666666667,0.8333333333333334,0.0,0.0,0.0,0.0833333333333333,0.0833333333333333,6.083333333333333,185.6,15.466666666666669,Tee Higgins,2024.0,9.923076923076923,6.325390304708231,2.3571890742148245,10.542691723649202,35.62802996348329,11.23076923076923,16.76923076923077,65.95253076728024,140.15384615384616,1.5384615384615383,3.2450304676297828,2.103775761708756,1.1412547059210263,5.0
Terry McLaurin,WAS,WR,29.0,17.0,17.0,82.0,1096.0,13.0,13.365853658536585,2.0,2.0,0.0,1.0,1.0,2024,1.0,1.0,1.0,0.0,84.0,4.823529411764706,64.47058823529412,0.7647058823529411,0.1176470588235294,0.1176470588235294,0.0,0.0588235294117647,0.0588235294117647,4.941176470588236,226.8,13.341176470588236,Terry McLaurin,2024.0,9.066666666666666,6.703505555555555,2.853218293162112,13.692064713064712,40.551166636893655,10.6,15.0,72.06125356125357,143.06666666666666,1.6,3.936430236159505,2.938571169743787,0.9978590664157172,17.0
Tre Tucker,LV,WR,23.0,17.0,14.0,47.0,539.0,3.0,11.46808510638298,9.0,44.0,1.0,0.0,0.0,2024,1.0,0.8235294117647058,0.0,0.0,56.0,2.764705882352941,31.705882352941178,0.1764705882352941,0.5294117647058824,2.588235294117647,0.0588235294117647,0.0,0.0,3.294117647058824,105.8,6.223529411764707,Tre Tucker,2024.0,7.888888888888889,6.055351851851851,2.707333717577058,12.691579561042523,30.81583721280289,8.555555555555555,15.11111111111111,53.60768175582991,94.22222222222224,0.5555555555555556,3.2656402116402115,3.3517554058247083,-0.0861151941844969,11.0
Tutu Atwell,LAR,WR,25.0,17.0,5.0,42.0,562.0,0.0,13.38095238095238,2.0,7.0,0.0,0.0,0.0,2024,1.0,0.2941176470588235,0.0,0.0,45.0,2.4705882352941178,33.05882352941177,0.0,0.1176470588235294,0.4117647058823529,0.0,0.0,0.0,2.647058823529412,77.9,4.582352941176471,Tutu Atwell,2024.0,6.166666666666667,7.791862329434697,3.2933442716526304,10.87264934289128,29.522774371333497,11.166666666666666,16.666666666666668,67.26254480286738,147.16666666666666,0.0,3.727468253968253,4.30953238899986,-0.5820641350316061,5.0
Tyler Lockett,TEN,WR,32.0,17.0,14.0,49.0,600.0,2.0,12.244897959183673,0.0,0.0,0.0,0.0,0.0,2024,1.0,0.8235294117647058,0.0,0.0,49.0,2.8823529411764706,35.294117647058826,0.1176470588235294,0.0,0.0,0.0,0.0,0.0,2.8823529411764706,96.5,5.676470588235294,Tyler Lockett,2024.0,3.7142857142857135,6.267247732426304,2.5008721991704745,11.523324523503094,30.567863746807056,11.0,16.857142857142858,64.75991297419868,138.42857142857142,0.4285714285714285,2.9589703595724006,4.452092021263629,-1.4931216616912275,16.0
Tyreek Hill,MIA,WR,30.0,17.0,17.0,81.0,959.0,6.0,11.839506172839506,8.0,53.0,0.0,0.0,0.0,2024,1.0,1.0,0.0,0.0,89.0,4.764705882352941,56.41176470588236,0.3529411764705882,0.4705882352941176,3.117647058823529,0.0,0.0,0.0,5.235294117647059,177.7,10.452941176470588,Tyreek Hill,2024.0,8.666666666666666,5.841201308827624,3.1423707812905337,11.771827571299523,47.2520058478921,10.4,15.8,65.22357723577235,124.93333333333334,0.7333333333333333,3.8718544385655496,4.104566465050455,-0.2327120264849048,10.0
Van Jefferson,TEN,WR,28.0,17.0,12.0,24.0,276.0,2.0,11.5,0.0,0.0,0.0,0.0,0.0,2024,1.0,0.7058823529411765,0.0,0.0,24.0,1.411764705882353,16.235294117647058,0.1176470588235294,0.0,0.0,0.0,0.0,0.0,1.411764705882353,51.6,3.0352941176470587,Van Jefferson,2024.0,6.5,6.469666666666667,2.094537847752676,14.423,26.18807455747988,3.5,5.0,70.0,44.0,0.0,1.985,2.44707435155974,-0.4620743515597396,11.0
Wan'Dale Robinson,NYG,WR,23.0,17.0,7.0,93.0,699.0,3.0,7.516129032258065,3.0,18.0,0.0,0.0,0.0,2024,1.0,0.4117647058823529,0.0,0.0,96.0,5.470588235294118,41.11764705882353,0.1764705882352941,0.1764705882352941,1.0588235294117647,0.0,0.0,0.0,5.647058823529412,136.2,8.011764705882353,Wan'Dale Robinson,2024.0,9.066666666666666,6.698482324722148,3.4335463384069858,4.992197691197691,20.26103532986487,11.933333333333334,18.0,69.14478114478113,90.93333333333334,0.3333333333333333,4.201097132616487,3.74170103859808,0.4593960940184077,17.0
Xavier Legette,CAR,WR,23.0,16.0,13.0,49.0,497.0,4.0,10.142857142857142,6.0,24.0,0.0,0.0,0.0,2024,0.9411764705882352,0.8125,0.0,0.0,55.0,3.0625,31.0625,0.25,0.375,1.5,0.0,0.0,0.0,3.4375,100.6,6.2875,Xavier Legette,2024.0,9.6,6.048784900542495,2.488483158852295,12.900823809523809,30.42119833823989,8.5,15.0,55.65079365079365,87.1,0.7,2.49295,2.159205555134612,0.333744444865387,17.0
Xavier Worthy,KC,WR,21.0,17.0,13.0,59.0,638.0,6.0,10.813559322033898,20.0,104.0,3.0,0.0,0.0,2024,1.0,0.7647058823529411,0.0,0.0,79.0,3.4705882352941178,37.52941176470589,0.3529411764705882,1.1764705882352942,6.117647058823529,0.1764705882352941,0.0,0.0,4.647058823529412,157.7,9.276470588235291,Xavier Worthy,2024.0,10.727272727272728,6.311479222797405,3.8671349763098375,8.334381196004573,25.515220835380088,9.818181818181818,15.909090909090908,64.20030546653923,101.0,0.9090909090909092,6.404342064714945,6.523273231398503,-0.1189311666835564,1.0
Zay Flowers,BAL,WR,24.0,17.0,15.0,74.0,1059.0,4.0,14.31081081081081,9.0,56.0,0.0,0.0,0.0,2024,1.0,0.8823529411764706,1.0,0.0,83.0,4.352941176470588,62.294117647058826,0.2352941176470588,0.5294117647058824,3.294117647058824,0.0,0.0,0.0,4.882352941176471,172.5,10.147058823529411,Zay Flowers,2024.0,8.928571428571429,7.270240755276469,3.890842165681285,11.258267619900623,33.70166677169122,10.142857142857142,15.928571428571429,62.92863540400487,147.5,0.5714285714285714,6.118752114359258,4.146042344330783,1.9727097700284737,4.0
