season,player,pfr_id,tm,age,pos,g,gs,tgt,rec,yds,td,x1d,ybc,ybc_r,yac,yac_r,adot,brk_tkl,rec_br,drop,drop_percent,int,rat,loaded
2024,Brock Bowers,BoweBr01,LV,22.0,TE,12.0,11.0,113.0,84.0,884.0,4.0,43.0,439.0,5.2,445.0,5.3,5.6,5.0,16.8,3.0,0.027000000000000003,4.0,93.7,2024-12-05
2024,JaMarr Chase,ChasJa00,CIN,24.0,WR,12.0,12.0,109.0,79.0,1142.0,13.0,49.0,604.0,7.6,538.0,6.8,9.4,7.0,11.3,5.0,0.046,4.0,130.4,2024-12-05
2024,CeeDee Lamb,LambCe00,DAL,25.0,WR,12.0,12.0,124.0,79.0,880.0,4.0,40.0,508.0,6.4,372.0,4.7,7.9,9.0,8.8,7.0,0.055999999999999994,5.0,78.7,2024-12-05
2024,Amon-Ra St Brown,StxxAm00,DET,25.0,WR,12.0,12.0,92.0,76.0,820.0,9.0,51.0,559.0,7.4,261.0,3.4,8.0,1.0,76.0,3.0,0.033,1.0,131.9,2024-12-05
2024,Travis Kelce,KelcTr00,KC,35.0,TE,12.0,12.0,101.0,75.0,637.0,2.0,36.0,377.0,5.0,260.0,3.5,6.3,3.0,25.0,4.0,0.04,4.0,80.3,2024-12-05
2024,Malik Nabers,NabeMa00,NYG,21.0,WR,10.0,9.0,116.0,75.0,740.0,3.0,40.0,509.0,6.8,231.0,3.1,9.4,3.0,25.0,9.0,0.078,0.0,91.2,2024-12-05
2024,Garrett Wilson,WilsGa00,NYJ,24.0,WR,12.0,12.0,118.0,74.0,763.0,5.0,43.0,456.0,6.2,307.0,4.1,9.1,3.0,24.7,5.0,0.042,5.0,77.8,2024-12-05
2024,Trey McBride,McBrTr01,ARI,25.0,TE,11.0,11.0,92.0,73.0,781.0,0.0,42.0,449.0,6.2,332.0,4.5,6.7,4.0,18.3,2.0,0.022000000000000002,0.0,102.0,2024-12-05
2024,Drake London,LondDr00,ATL,23.0,WR,12.0,12.0,106.0,70.0,796.0,6.0,45.0,588.0,8.4,208.0,3.0,10.7,3.0,23.3,3.0,0.027999999999999997,7.0,79.8,2024-12-05
2024,Jaxon Smith-Njigba,SmitJa06,SEA,22.0,WR,12.0,11.0,97.0,70.0,829.0,4.0,41.0,478.0,6.8,351.0,5.0,9.0,3.0,23.3,4.0,0.040999999999999995,4.0,94.4,2024-12-05
2024,Justin Jefferson,JeffJu00,MIN,25.0,WR,12.0,12.0,100.0,68.0,1038.0,5.0,45.0,733.0,10.8,305.0,4.5,11.4,4.0,17.0,3.0,0.03,4.0,102.0,2024-12-05
2024,WanDale Robinson,RobiWa01,NYG,23.0,WR,12.0,4.0,91.0,63.0,447.0,2.0,23.0,214.0,3.4,233.0,3.7,4.3,4.0,15.8,4.0,0.044000000000000004,1.0,83.0,2024-12-05
2024,Courtland Sutton,SuttCo00,DEN,29.0,WR,13.0,10.0,104.0,63.0,846.0,5.0,44.0,696.0,11.0,150.0,2.4,13.2,1.0,63.0,6.0,0.057999999999999996,3.0,90.5,2024-12-05
2024,DJ Moore,MoorD.00,CHI,27.0,WR,12.0,12.0,96.0,62.0,663.0,5.0,28.0,311.0,5.0,352.0,5.7,8.6,4.0,15.5,2.0,0.021,2.0,93.4,2024-12-05
2024,Terry McLaurin,McLaTe00,WAS,29.0,WR,13.0,13.0,82.0,61.0,896.0,9.0,43.0,649.0,10.6,247.0,4.0,13.6,2.0,30.5,1.0,0.012,1.0,141.1,2024-12-05
2024,Zay Flowers,FlowZa00,BAL,24.0,WR,13.0,11.0,94.0,60.0,863.0,4.0,39.0,460.0,7.7,403.0,6.7,9.7,5.0,12.0,4.0,0.043,0.0,107.7,2024-12-05
2024,Khalil Shakir,ShakKh00,BUF,24.0,WR,11.0,7.0,73.0,60.0,629.0,2.0,27.0,149.0,2.5,480.0,8.0,3.9,6.0,10.0,1.0,0.013999999999999999,1.0,106.0,2024-12-05
2024,Alvin Kamara,KamaAl00,NO,29.0,RB,12.0,12.0,79.0,59.0,450.0,1.0,14.0,-25.0,-0.4,475.0,8.1,0.4,1.0,59.0,8.0,0.10099999999999999,0.0,92.3,2024-12-05
2024,Jakobi Meyers,MeyeJa01,LV,28.0,WR,10.0,10.0,86.0,59.0,676.0,2.0,36.0,476.0,8.1,200.0,3.4,8.5,2.0,29.5,1.0,0.012,2.0,90.1,2024-12-05
2024,Hunter Henry,HenrHu00,NE,30.0,TE,13.0,13.0,83.0,58.0,610.0,1.0,35.0,369.0,6.4,241.0,4.2,7.2,2.0,29.0,2.0,0.024,1.0,89.9,2024-12-05
2024,Cooper Kupp,KuppCo00,LA,31.0,WR,8.0,7.0,83.0,58.0,565.0,5.0,21.0,328.0,5.7,237.0,4.1,6.9,2.0,29.0,2.0,0.024,0.0,108.8,2024-12-05
2024,Ladd McConkey,McCoLa00,LAC,23.0,WR,12.0,10.0,81.0,58.0,815.0,4.0,38.0,553.0,9.5,262.0,4.5,10.2,6.0,9.7,2.0,0.025,1.0,115.0,2024-12-05
2024,Jonnu Smith,SmitJo01,MIA,29.0,TE,12.0,4.0,74.0,58.0,648.0,4.0,40.0,303.0,5.2,345.0,5.9,5.6,6.0,9.7,5.0,0.068,0.0,121.2,2024-12-05
2024,DeVon Achane,AchaDe00,MIA,23.0,RB,12.0,11.0,64.0,57.0,429.0,6.0,22.0,-63.0,-1.1,492.0,8.6,-0.5,2.0,28.5,1.0,0.016,0.0,125.8,2024-12-05
2024,Tyreek Hill,HillTy00,MIA,30.0,WR,12.0,12.0,83.0,55.0,654.0,4.0,34.0,427.0,7.8,227.0,4.1,11.3,1.0,55.0,1.0,0.012,0.0,106.2,2024-12-05
2024,George Pickens,PickGe00,PIT,23.0,WR,12.0,10.0,90.0,55.0,850.0,3.0,35.0,651.0,11.8,199.0,3.6,13.1,4.0,13.8,5.0,0.055999999999999994,2.0,94.2,2024-12-05
2024,Jerry Jeudy,JeudJe00,CLE,25.0,WR,12.0,11.0,91.0,54.0,880.0,3.0,40.0,630.0,11.7,250.0,4.6,13.0,0.0,,5.0,0.055,2.0,93.7,2024-12-05
2024,Cade Otton,OttoCa00,TB,25.0,TE,12.0,12.0,80.0,54.0,506.0,4.0,27.0,255.0,4.7,251.0,4.6,4.8,3.0,18.0,8.0,0.1,2.0,90.9,2024-12-05
2024,Josh Downs,DownJo00,IND,23.0,WR,10.0,6.0,78.0,53.0,594.0,4.0,31.0,345.0,6.5,249.0,4.7,7.5,0.0,,4.0,0.051,3.0,91.5,2024-12-05
2024,Demario Douglas,DougDe00,NE,24.0,WR,13.0,5.0,70.0,52.0,497.0,1.0,24.0,190.0,3.7,307.0,5.9,6.2,2.0,26.0,5.0,0.071,2.0,86.4,2024-12-05
2024,Zach Ertz,ErtzZa00,WAS,34.0,TE,13.0,13.0,75.0,52.0,501.0,4.0,29.0,375.0,7.2,126.0,2.4,7.5,0.0,,3.0,0.04,2.0,94.4,2024-12-05
2024,Darnell Mooney,MoonDa00,ATL,27.0,WR,12.0,12.0,87.0,51.0,731.0,5.0,36.0,525.0,10.3,206.0,4.0,11.9,6.0,8.5,6.0,0.069,2.0,95.5,2024-12-05
2024,Bijan Robinson,RobiBi01,ATL,22.0,RB,12.0,12.0,56.0,51.0,392.0,1.0,18.0,-85.0,-1.7,477.0,9.4,-1.3,5.0,10.2,1.0,0.018000000000000002,0.0,101.8,2024-12-05
2024,Chris Godwin,GodwCh00,TB,28.0,WR,7.0,7.0,62.0,50.0,576.0,5.0,33.0,226.0,4.5,350.0,7.0,5.7,4.0,12.5,2.0,0.032,1.0,125.5,2024-12-05
2024,Jauan Jennings,JennJa00,SF,27.0,WR,10.0,6.0,70.0,50.0,684.0,4.0,34.0,511.0,10.2,173.0,3.5,9.6,4.0,12.5,3.0,0.043,0.0,121.4,2024-12-05
2024,George Kittle,KittGe00,SF,31.0,TE,10.0,10.0,61.0,50.0,649.0,8.0,31.0,390.0,7.8,259.0,5.2,8.1,2.0,25.0,2.0,0.033,2.0,136.9,2024-12-05
2024,DK Metcalf,MetcDK00,SEA,27.0,WR,10.0,8.0,84.0,50.0,763.0,3.0,26.0,549.0,11.0,214.0,4.3,12.9,2.0,25.0,4.0,0.048,1.0,96.5,2024-12-05
2024,Elijah Moore,MoorEl00,CLE,24.0,WR,12.0,8.0,77.0,50.0,447.0,1.0,19.0,341.0,6.8,106.0,2.1,8.8,1.0,50.0,4.0,0.052000000000000005,5.0,57.7,2024-12-05
2024,Davante Adams,AdamDa01,2TM,32.0,,9.0,9.0,85.0,49.0,553.0,3.0,27.0,347.0,7.1,206.0,4.2,8.4,3.0,16.3,3.0,0.035,1.0,84.1,2024-12-05
2024,Nico Collins,CollNi00,HOU,25.0,WR,8.0,8.0,72.0,49.0,832.0,4.0,37.0,520.0,10.6,312.0,6.4,10.8,2.0,24.5,3.0,0.042,3.0,108.1,2024-12-05
2024,David Njoku,NjokDa00,CLE,28.0,TE,9.0,9.0,74.0,49.0,397.0,4.0,18.0,198.0,4.0,199.0,4.1,4.6,3.0,16.3,8.0,0.10800000000000001,1.0,92.0,2024-12-05
2024,Stefon Diggs,DiggSt00,HOU,31.0,WR,8.0,8.0,64.0,47.0,496.0,3.0,31.0,311.0,6.6,185.0,3.9,8.7,3.0,15.7,3.0,0.047,1.0,104.7,2024-12-05
2024,Breece Hall,HallBr03,NYJ,23.0,RB,12.0,12.0,62.0,46.0,401.0,2.0,12.0,25.0,0.5,376.0,8.2,0.9,4.0,11.5,7.0,0.113,0.0,101.6,2024-12-05
2024,Michael Pittman,PittMi01,IND,27.0,WR,12.0,10.0,79.0,46.0,550.0,2.0,21.0,359.0,7.8,191.0,4.2,11.6,3.0,15.3,1.0,0.013000000000000001,4.0,67.0,2024-12-05
2024,Brian Thomas,ThomBr06,JAX,22.0,WR,12.0,11.0,73.0,46.0,765.0,6.0,33.0,441.0,9.6,324.0,7.0,13.1,0.0,,5.0,0.068,3.0,108.5,2024-12-05
2024,Ray-Ray McCloud,McClRa00,ATL,28.0,WR,12.0,11.0,61.0,45.0,476.0,1.0,21.0,243.0,5.4,233.0,5.2,6.9,1.0,45.0,0.0,0.0,2.0,87.9,2024-12-05
2024,Jaylen Waddle,WaddJa00,MIA,26.0,WR,12.0,12.0,60.0,45.0,601.0,2.0,30.0,419.0,9.3,182.0,4.0,9.5,0.0,,7.0,0.11699999999999999,1.0,110.5,2024-12-05
2024,Keenan Allen,AlleKe00,CHI,32.0,WR,10.0,10.0,79.0,44.0,441.0,5.0,25.0,306.0,7.0,135.0,3.1,9.2,0.0,,4.0,0.051,0.0,92.9,2024-12-05
2024,AJ Brown,BrowAJ00,PHI,27.0,WR,9.0,9.0,62.0,44.0,793.0,4.0,37.0,537.0,12.2,256.0,5.8,13.5,6.0,7.3,0.0,0.0,1.0,128.1,2024-12-05
2024,Jayden Reed,ReedJa03,GB,24.0,WR,12.0,6.0,58.0,44.0,693.0,6.0,24.0,374.0,8.5,319.0,7.3,8.6,3.0,14.7,7.0,0.121,0.0,149.6,2024-12-05
2024,Mark Andrews,AndrMa00,BAL,29.0,TE,13.0,9.0,51.0,43.0,490.0,7.0,29.0,360.0,8.4,130.0,3.0,9.6,0.0,,3.0,0.059000000000000004,1.0,138.1,2024-12-05
2024,Tank Dell,DellNa00,HOU,25.0,WR,12.0,8.0,72.0,43.0,543.0,2.0,27.0,393.0,9.1,150.0,3.5,11.9,3.0,14.3,6.0,0.083,3.0,75.2,2024-12-05
2024,Evan Engram,EngrEv00,JAX,30.0,TE,8.0,8.0,58.0,43.0,332.0,1.0,16.0,198.0,4.6,134.0,3.1,5.8,0.0,,3.0,0.052000000000000005,0.0,93.5,2024-12-05
2024,Jake Ferguson,FergJa00,DAL,25.0,TE,9.0,9.0,58.0,43.0,369.0,0.0,15.0,140.0,3.3,229.0,5.3,4.2,5.0,8.6,1.0,0.017,0.0,90.4,2024-12-05
2024,Tee Higgins,HiggTe00,CIN,25.0,WR,7.0,5.0,68.0,43.0,558.0,5.0,31.0,386.0,9.0,172.0,4.0,10.1,4.0,10.8,2.0,0.028999999999999998,1.0,107.4,2024-12-05
2024,Calvin Ridley,RidlCa00,TEN,30.0,WR,12.0,11.0,87.0,43.0,679.0,3.0,28.0,536.0,12.5,143.0,3.3,16.1,2.0,21.5,5.0,0.057,3.0,72.9,2024-12-05
2024,Cole Kmet,KmetCo00,CHI,25.0,TE,12.0,11.0,50.0,42.0,448.0,3.0,23.0,284.0,6.8,164.0,3.9,7.7,1.0,42.0,1.0,0.02,1.0,115.7,2024-12-05
2024,Puka Nacua,NacuPu00,LA,23.0,WR,7.0,7.0,61.0,42.0,546.0,2.0,29.0,274.0,6.5,272.0,6.5,9.4,6.0,7.0,1.0,0.016,1.0,100.9,2024-12-05
2024,Will Dissly,DissWi00,LAC,28.0,TE,12.0,7.0,53.0,41.0,399.0,1.0,18.0,159.0,3.9,240.0,5.9,5.2,4.0,10.3,4.0,0.075,0.0,104.2,2024-12-05
2024,Pat Freiermuth,FreiPa00,PIT,26.0,TE,12.0,7.0,47.0,41.0,422.0,4.0,21.0,221.0,5.4,201.0,4.9,5.4,3.0,13.7,2.0,0.043,0.0,132.4,2024-12-05
2024,Marvin Harrison,HarrMa09,ARI,22.0,WR,12.0,12.0,78.0,41.0,606.0,7.0,30.0,513.0,12.5,93.0,2.3,13.8,0.0,,4.0,0.051,2.0,97.5,2024-12-05
2024,DeAndre Hopkins,HopkDe00,2TM,32.0,,12.0,7.0,57.0,41.0,498.0,4.0,28.0,417.0,10.2,81.0,2.0,10.1,3.0,13.7,2.0,0.035,2.0,107.2,2024-12-05
2024,Tyler Lockett,LockTy00,SEA,32.0,WR,12.0,10.0,62.0,41.0,511.0,2.0,31.0,402.0,9.8,109.0,2.7,10.4,1.0,41.0,4.0,0.065,4.0,75.4,2024-12-05
2024,Rome Odunze,OdunRo00,CHI,22.0,WR,12.0,9.0,76.0,41.0,543.0,1.0,27.0,360.0,8.8,183.0,4.5,14.2,4.0,10.3,3.0,0.039,1.0,75.7,2024-12-05
2024,Dalton Schultz,SchuDa00,HOU,28.0,TE,13.0,9.0,64.0,41.0,424.0,1.0,21.0,255.0,6.2,169.0,4.1,8.3,0.0,,2.0,0.031,1.0,81.8,2024-12-05
2024,DeVonta Smith,SmitDe07,PHI,26.0,WR,9.0,9.0,56.0,41.0,516.0,4.0,25.0,330.0,8.0,186.0,4.5,10.4,0.0,,1.0,0.018000000000000002,3.0,103.0,2024-12-05
2024,Mike Evans,EvanMi00,TB,31.0,WR,9.0,9.0,63.0,39.0,521.0,7.0,32.0,405.0,10.4,116.0,3.0,11.1,1.0,39.0,3.0,0.048,3.0,105.3,2024-12-05
2024,Mike Gesicki,GesiMi00,CIN,29.0,TE,12.0,3.0,52.0,39.0,436.0,2.0,24.0,279.0,7.2,157.0,4.0,8.6,0.0,,2.0,0.038,0.0,112.3,2024-12-05
2024,Jalen Tolbert,TolbJa00,DAL,25.0,WR,12.0,12.0,61.0,39.0,451.0,4.0,21.0,368.0,9.4,83.0,2.1,12.3,0.0,,1.0,0.016,2.0,94.4,2024-12-05
2024,Rachaad White,WhitRa01,TB,25.0,RB,11.0,11.0,43.0,39.0,303.0,4.0,14.0,-98.0,-2.5,401.0,10.3,-2.0,3.0,13.0,0.0,0.0,0.0,127.0,2024-12-05
2024,Chase Brown,BrowCh10,CIN,24.0,RB,12.0,6.0,47.0,38.0,237.0,2.0,14.0,19.0,0.5,218.0,5.7,0.4,1.0,38.0,2.0,0.043,0.0,101.9,2024-12-05
2024,Dallas Goedert,GoedDa00,PHI,29.0,TE,9.0,9.0,46.0,38.0,441.0,2.0,16.0,210.0,5.5,231.0,6.1,6.7,2.0,19.0,1.0,0.022000000000000002,1.0,112.0,2024-12-05
2024,Deebo Samuel,SamuDe00,SF,28.0,WR,11.0,11.0,61.0,38.0,531.0,1.0,21.0,231.0,6.1,300.0,7.9,7.4,3.0,12.7,5.0,0.08199999999999999,1.0,88.9,2024-12-05
2024,Kenneth Walker,WalkKe00,SEA,24.0,RB,10.0,10.0,45.0,38.0,271.0,1.0,18.0,-40.0,-1.1,311.0,8.2,-0.9,5.0,7.6,2.0,0.044000000000000004,1.0,89.9,2024-12-05
2024,Javonte Williams,WillJa10,DEN,24.0,RB,13.0,11.0,50.0,38.0,259.0,0.0,10.0,-23.0,-0.6,282.0,7.4,0.0,3.0,12.7,3.0,0.06,0.0,87.0,2024-12-05
2024,Justice Hill,HillJu00,BAL,27.0,RB,13.0,0.0,45.0,37.0,322.0,2.0,14.0,-44.0,-1.2,366.0,9.9,-0.4,4.0,9.3,1.0,0.022000000000000002,1.0,102.0,2024-12-05
2024,Xavier Legette,LegeXa00,CAR,23.0,WR,12.0,9.0,59.0,37.0,393.0,4.0,22.0,309.0,8.4,84.0,2.3,11.5,0.0,,6.0,0.102,1.0,97.6,2024-12-05
2024,Tony Pollard,PollTo00,TEN,27.0,RB,12.0,12.0,51.0,37.0,211.0,0.0,8.0,32.0,0.9,179.0,4.8,0.5,2.0,18.5,6.0,0.11800000000000001,0.0,79.8,2024-12-05
2024,Michael Wilson,WilsMi02,ARI,24.0,WR,12.0,10.0,55.0,37.0,416.0,3.0,20.0,338.0,9.1,78.0,2.1,11.5,1.0,37.0,2.0,0.036000000000000004,2.0,92.7,2024-12-05
2024,Jordan Addison,AddiJo00,MIN,22.0,WR,10.0,10.0,56.0,36.0,575.0,4.0,24.0,443.0,12.3,132.0,3.7,14.5,2.0,18.0,2.0,0.036000000000000004,2.0,107.4,2024-12-05
2024,Tucker Kraft,KrafTu00,GB,24.0,TE,12.0,12.0,49.0,36.0,480.0,6.0,21.0,136.0,3.8,344.0,9.6,4.6,8.0,4.5,5.0,0.102,1.0,135.2,2024-12-05
2024,Tre Tucker,TuckTr00,LV,23.0,WR,12.0,10.0,57.0,36.0,425.0,2.0,19.0,238.0,6.6,187.0,5.2,11.2,3.0,12.0,1.0,0.018000000000000002,1.0,90.2,2024-12-05
2024,Rashod Bateman,BateRa00,BAL,25.0,WR,13.0,10.0,55.0,35.0,574.0,5.0,26.0,444.0,12.7,130.0,3.7,13.4,0.0,,4.0,0.073,1.0,121.3,2024-12-05
2024,Noah Brown,BrowNo00,WAS,28.0,WR,11.0,9.0,56.0,35.0,453.0,1.0,21.0,370.0,10.6,83.0,2.4,11.4,0.0,,4.0,0.071,1.0,86.4,2024-12-05
2024,Bucky Irving,IrviBu00,TB,22.0,RB,12.0,1.0,37.0,35.0,285.0,0.0,11.0,-88.0,-2.5,373.0,10.7,-2.2,5.0,7.0,1.0,0.027000000000000003,0.0,98.8,2024-12-05
2024,Aaron Jones,JoneAa00,MIN,30.0,RB,12.0,12.0,41.0,35.0,291.0,2.0,13.0,5.0,0.1,286.0,8.2,1.4,1.0,35.0,1.0,0.024,1.0,102.3,2024-12-05
2024,Kyle Pitts,PittKy00,ATL,24.0,TE,12.0,12.0,54.0,35.0,494.0,3.0,16.0,267.0,7.6,227.0,6.5,8.4,3.0,11.7,2.0,0.037000000000000005,2.0,97.3,2024-12-05
2024,Amari Cooper,CoopAm00,2TM,30.0,,10.0,8.0,66.0,34.0,386.0,3.0,18.0,303.0,8.9,83.0,2.4,11.9,1.0,34.0,11.0,0.16699999999999998,2.0,71.9,2024-12-05
2024,Romeo Doubs,DoubRo00,GB,24.0,WR,10.0,9.0,53.0,34.0,483.0,2.0,25.0,390.0,11.5,93.0,2.7,12.8,2.0,17.0,6.0,0.113,2.0,90.4,2024-12-05
2024,Dalton Kincaid,KincDa00,BUF,25.0,TE,10.0,7.0,59.0,34.0,356.0,2.0,18.0,145.0,4.3,211.0,6.2,7.2,3.0,11.3,6.0,0.102,0.0,86.5,2024-12-05
2024,Darius Slayton,SlayDa01,NYG,27.0,WR,11.0,8.0,58.0,34.0,477.0,1.0,25.0,392.0,11.5,85.0,2.5,13.1,3.0,11.3,4.0,0.069,1.0,83.8,2024-12-05
2024,Jameson Williams,WillJa11,DET,23.0,WR,10.0,7.0,55.0,34.0,630.0,4.0,24.0,311.0,9.1,319.0,9.4,12.8,2.0,17.0,2.0,0.036000000000000004,2.0,110.4,2024-12-05
2024,Tyler Conklin,ConkTy00,NYJ,29.0,TE,12.0,12.0,49.0,33.0,284.0,2.0,14.0,127.0,3.8,157.0,4.8,4.8,0.0,,1.0,0.02,0.0,96.0,2024-12-05
2024,Austin Ekeler,EkelAu00,WAS,29.0,RB,11.0,6.0,39.0,33.0,346.0,0.0,13.0,-57.0,-1.7,403.0,12.2,-1.5,3.0,11.0,2.0,0.051,0.0,103.6,2024-12-05
2024,Isaiah Likely,LikeIs00,BAL,24.0,TE,12.0,7.0,47.0,33.0,384.0,4.0,20.0,157.0,4.8,227.0,6.9,8.1,2.0,16.5,2.0,0.043,0.0,123.0,2024-12-05
2024,DAndre Swift,SwifDA00,CHI,25.0,RB,12.0,12.0,39.0,33.0,313.0,0.0,9.0,-2.0,-0.1,315.0,9.5,0.2,1.0,33.0,2.0,0.051,0.0,100.1,2024-12-05
2024,Devaughn Vele,VeleDe00,DEN,27.0,WR,9.0,5.0,45.0,33.0,377.0,1.0,19.0,267.0,8.1,110.0,3.3,8.2,0.0,,2.0,0.044000000000000004,0.0,105.5,2024-12-05
2024,Xavier Worthy,WortXa00,KC,21.0,WR,12.0,9.0,61.0,33.0,407.0,4.0,23.0,186.0,5.6,221.0,6.7,11.7,0.0,,4.0,0.066,2.0,83.2,2024-12-05
2024,Tutu Atwell,AtweTu00,LA,25.0,WR,12.0,4.0,47.0,32.0,462.0,0.0,23.0,359.0,11.2,103.0,3.2,11.7,0.0,,2.0,0.043,2.0,82.0,2024-12-05
2024,Tyler Boyd,BoydTy00,TEN,30.0,WR,12.0,8.0,43.0,32.0,310.0,0.0,16.0,170.0,5.3,140.0,4.4,7.2,1.0,32.0,2.0,0.047,1.0,84.4,2024-12-05
2024,James Conner,ConnJa00,ARI,29.0,RB,12.0,12.0,39.0,32.0,301.0,0.0,10.0,-50.0,-1.6,351.0,11.0,-1.7,10.0,3.2,2.0,0.051,2.0,77.5,2024-12-05
2024,Rico Dowdle,DowdRi01,DAL,26.0,RB,11.0,10.0,40.0,32.0,195.0,3.0,11.0,-10.0,-0.3,205.0,6.4,0.2,3.0,10.7,2.0,0.05,0.0,112.0,2024-12-05
2024,Chris Olave,OlavCh00,NO,24.0,WR,8.0,8.0,44.0,32.0,400.0,1.0,22.0,279.0,8.7,121.0,3.8,10.3,1.0,32.0,2.0,0.045,2.0,89.2,2024-12-05
2024,Noah Gray,GrayNo00,KC,25.0,TE,12.0,8.0,36.0,31.0,373.0,4.0,22.0,193.0,6.2,180.0,5.8,7.1,0.0,,0.0,0.0,2.0,123.7,2024-12-05
2024,Austin Hooper,HoopAu00,NE,30.0,TE,13.0,6.0,42.0,31.0,337.0,3.0,18.0,163.0,5.3,174.0,5.6,5.6,3.0,10.3,1.0,0.024,1.0,110.9,2024-12-05
2024,Chuba Hubbard,HubbCh01,CAR,25.0,RB,12.0,12.0,40.0,31.0,126.0,1.0,7.0,-52.0,-1.7,178.0,5.7,-1.0,6.0,5.2,2.0,0.05,0.0,88.1,2024-12-05
2024,Diontae Johnson,JohnDi01,2TM,28.0,,11.0,8.0,63.0,31.0,363.0,3.0,20.0,276.0,8.9,87.0,2.8,11.0,1.0,31.0,3.0,0.048,5.0,49.9,2024-12-05
2024,Sam LaPorta,LaPoSa01,DET,23.0,TE,11.0,11.0,44.0,31.0,391.0,5.0,19.0,182.0,5.9,209.0,6.7,6.4,2.0,15.5,0.0,0.0,2.0,116.8,2024-12-05
2024,Rhamondre Stevenson,StevRh00,NE,26.0,RB,12.0,11.0,38.0,31.0,139.0,1.0,6.0,-57.0,-1.8,196.0,6.3,-0.8,3.0,10.3,1.0,0.026000000000000002,0.0,90.7,2024-12-05
2024,Noah Fant,FantNo00,SEA,27.0,TE,9.0,6.0,36.0,30.0,311.0,0.0,15.0,160.0,5.3,151.0,5.0,4.9,2.0,15.0,1.0,0.027999999999999997,0.0,102.7,2024-12-05
2024,Juwan Johnson,JohnJu02,NO,28.0,TE,12.0,3.0,39.0,30.0,313.0,2.0,15.0,193.0,6.4,120.0,4.0,7.6,2.0,15.0,2.0,0.051,0.0,116.7,2024-12-05
2024,Allen Lazard,LazaAl00,NYJ,29.0,WR,7.0,7.0,44.0,30.0,412.0,5.0,23.0,291.0,9.7,121.0,4.0,10.3,0.0,,3.0,0.068,1.0,126.3,2024-12-05
2024,Saquon Barkley,BarkSa00,PHI,27.0,RB,12.0,12.0,37.0,29.0,267.0,2.0,12.0,27.0,0.9,240.0,8.3,1.4,5.0,5.8,2.0,0.054000000000000006,0.0,114.8,2024-12-05
2024,Zach Charbonnet,CharZa00,SEA,23.0,RB,12.0,2.0,36.0,29.0,204.0,1.0,4.0,-12.0,-0.4,216.0,7.4,-0.7,0.0,,0.0,0.0,1.0,88.0,2024-12-05
2024,Najee Harris,HarrNa00,PIT,26.0,RB,12.0,12.0,37.0,29.0,249.0,0.0,11.0,-32.0,-1.1,281.0,9.7,-1.2,6.0,4.8,3.0,0.081,0.0,94.7,2024-12-05
2024,LilJordan Humphrey,HumpLi01,DEN,26.0,WR,13.0,5.0,42.0,29.0,267.0,1.0,10.0,80.0,2.8,187.0,6.4,6.2,3.0,9.7,3.0,0.071,1.0,84.1,2024-12-05
2024,Theo Johnson,JohnTh00,NYG,23.0,TE,12.0,11.0,43.0,29.0,331.0,1.0,16.0,182.0,6.3,149.0,5.1,6.7,1.0,29.0,5.0,0.11599999999999999,1.0,88.4,2024-12-05
2024,Alec Pierce,PierAl00,IND,24.0,WR,13.0,10.0,54.0,29.0,645.0,5.0,25.0,547.0,18.9,98.0,3.4,21.8,0.0,,3.0,0.055999999999999994,3.0,104.3,2024-12-05
2024,JaTavion Sanders,SandJa01,CAR,21.0,TE,11.0,6.0,35.0,29.0,302.0,1.0,11.0,133.0,4.6,169.0,5.8,5.2,1.0,29.0,2.0,0.057,0.0,112.1,2024-12-05
2024,Cedric Tillman,TillCe01,CLE,24.0,WR,11.0,6.0,49.0,29.0,339.0,3.0,15.0,235.0,8.1,104.0,3.6,11.1,4.0,7.3,3.0,0.061,2.0,83.6,2024-12-05
2024,JK Dobbins,DobbJK00,LAC,26.0,RB,11.0,9.0,34.0,28.0,134.0,0.0,6.0,-41.0,-1.5,175.0,6.3,-1.0,1.0,28.0,2.0,0.059000000000000004,0.0,83.1,2024-12-05
2024,Jahmyr Gibbs,GibbJa01,DET,22.0,RB,12.0,1.0,36.0,28.0,282.0,1.0,12.0,-74.0,-2.6,356.0,12.7,0.2,1.0,28.0,1.0,0.027999999999999997,1.0,97.0,2024-12-05
2024,Demarcus Robinson,RobiDe01,LA,30.0,WR,12.0,12.0,53.0,28.0,433.0,7.0,24.0,379.0,13.5,54.0,1.9,13.9,1.0,28.0,0.0,0.0,3.0,96.1,2024-12-05
2024,Jerome Ford,FordJe00,CLE,25.0,RB,10.0,4.0,32.0,27.0,147.0,0.0,5.0,-56.0,-2.1,203.0,7.5,-0.8,6.0,4.5,1.0,0.031,0.0,85.8,2024-12-05
2024,Josh Jacobs,JacoJo01,GB,26.0,RB,12.0,12.0,34.0,27.0,260.0,1.0,11.0,-36.0,-1.3,296.0,11.0,-0.5,9.0,3.0,0.0,0.0,1.0,96.1,2024-12-05
2024,Christian Kirk,KirkCh01,JAX,28.0,WR,8.0,7.0,47.0,27.0,379.0,1.0,18.0,266.0,9.9,113.0,4.2,13.7,1.0,27.0,1.0,0.021,2.0,72.9,2024-12-05
2024,Joe Mixon,MixoJo00,HOU,28.0,RB,10.0,10.0,40.0,27.0,244.0,1.0,10.0,-35.0,-1.3,279.0,10.3,-0.6,5.0,5.4,3.0,0.075,0.0,92.1,2024-12-05
2024,David Montgomery,MontDa01,DET,27.0,RB,12.0,12.0,29.0,27.0,277.0,0.0,12.0,-11.0,-0.4,288.0,10.7,-0.2,10.0,2.7,0.0,0.0,0.0,106.5,2024-12-05
2024,Chigoziem Okonkwo,OkonCh00,TEN,25.0,TE,12.0,6.0,38.0,27.0,289.0,2.0,10.0,134.0,5.0,155.0,5.7,5.6,0.0,,3.0,0.079,2.0,88.6,2024-12-05
2024,Olamide Zaccheaus,ZaccOl01,WAS,27.0,WR,13.0,3.0,38.0,27.0,264.0,0.0,14.0,100.0,3.7,164.0,6.1,4.9,3.0,9.0,3.0,0.079,0.0,90.2,2024-12-05
2024,James Cook,CookJa01,BUF,25.0,RB,11.0,11.0,32.0,26.0,195.0,1.0,10.0,-11.0,-0.4,206.0,7.9,0.8,0.0,,2.0,0.063,0.0,102.5,2024-12-05
2024,Colby Parkinson,ParkCo02,LA,25.0,TE,12.0,8.0,40.0,26.0,256.0,1.0,14.0,120.0,4.6,136.0,5.2,5.5,1.0,26.0,2.0,0.05,0.0,91.2,2024-12-05
2024,Kyren Williams,WillKy02,LA,24.0,RB,12.0,12.0,32.0,26.0,145.0,2.0,6.0,-18.0,-0.7,163.0,6.3,-1.0,2.0,13.0,1.0,0.031,0.0,106.4,2024-12-05
2024,Brandon Aiyuk,AiyuBr00,SF,26.0,WR,7.0,7.0,47.0,25.0,374.0,0.0,19.0,267.0,10.7,107.0,4.3,11.9,2.0,12.5,4.0,0.085,2.0,61.8,2024-12-05
2024,Kayshon Boutte,BoutKa00,NE,22.0,WR,11.0,9.0,44.0,25.0,330.0,1.0,15.0,265.0,10.6,65.0,2.6,14.5,1.0,25.0,3.0,0.068,1.0,78.8,2024-12-05
2024,Greg Dortch,DortGr01,ARI,26.0,WR,12.0,2.0,38.0,25.0,193.0,1.0,10.0,47.0,1.9,146.0,5.8,5.4,4.0,6.3,3.0,0.079,0.0,86.8,2024-12-05
2024,Travis Etienne,EtieTr00,JAX,25.0,RB,10.0,10.0,33.0,25.0,114.0,0.0,6.0,-23.0,-0.9,137.0,5.5,0.8,2.0,12.5,2.0,0.061,1.0,67.0,2024-12-05
2024,Alexander Mattison,MattAl01,LV,26.0,RB,10.0,5.0,29.0,25.0,245.0,1.0,10.0,-9.0,-0.4,254.0,10.2,-0.4,5.0,5.0,1.0,0.034,1.0,99.0,2024-12-05
2024,Sterling Shepard,ShepSt00,TB,31.0,WR,10.0,2.0,39.0,25.0,224.0,1.0,9.0,145.0,5.8,79.0,3.2,8.9,0.0,,2.0,0.051,0.0,88.0,2024-12-05
2024,KaVontae Turpin,TurpKa00,DAL,28.0,WR,12.0,1.0,37.0,25.0,328.0,2.0,14.0,121.0,4.8,207.0,8.3,8.0,2.0,12.5,2.0,0.054000000000000006,2.0,90.8,2024-12-05
2024,Jaylen Warren,WarrJa01,PIT,26.0,RB,10.0,0.0,28.0,25.0,197.0,0.0,9.0,-5.0,-0.2,202.0,8.1,0.4,3.0,8.3,0.0,0.0,0.0,96.0,2024-12-05
2024,Ameer Abdullah,AbduAm00,LV,31.0,RB,12.0,2.0,28.0,24.0,127.0,2.0,8.0,-31.0,-1.3,158.0,6.6,-0.7,2.0,12.0,0.0,0.0,0.0,109.4,2024-12-05
2024,Quentin Johnston,JohnQu02,LAC,23.0,WR,10.0,8.0,46.0,24.0,366.0,6.0,15.0,192.0,8.0,174.0,7.3,12.5,4.0,6.0,5.0,0.109,0.0,118.3,2024-12-05
2024,David Moore,MoorDa03,CAR,29.0,WR,12.0,5.0,41.0,24.0,242.0,1.0,12.0,204.0,8.5,38.0,1.6,10.5,0.0,,2.0,0.049,0.0,83.6,2024-12-05
2024,Josh Palmer,PalmJo00,LAC,25.0,WR,11.0,5.0,41.0,24.0,414.0,1.0,20.0,342.0,14.3,72.0,3.0,15.8,0.0,,3.0,0.073,0.0,101.1,2024-12-05
2024,Rashee Rice,RiceRa01,KC,24.0,WR,4.0,4.0,29.0,24.0,288.0,2.0,15.0,102.0,4.3,186.0,7.8,5.2,4.0,6.0,1.0,0.034,1.0,116.7,2024-12-05
2024,Tyrone Tracy,TracTy00,NYG,25.0,RB,12.0,7.0,30.0,24.0,178.0,0.0,8.0,1.0,0.0,177.0,7.4,-0.3,3.0,8.0,2.0,0.067,1.0,77.5,2024-12-05
2024,Jordan Akins,AkinJo00,CLE,32.0,TE,12.0,3.0,35.0,23.0,229.0,1.0,12.0,145.0,6.3,84.0,3.7,5.8,1.0,23.0,1.0,0.028999999999999998,1.0,81.7,2024-12-05
2024,Taysom Hill,HillTa00,NO,34.0,TE,8.0,8.0,31.0,23.0,187.0,0.0,8.0,50.0,2.2,137.0,6.0,3.5,2.0,11.5,2.0,0.065,0.0,89.0,2024-12-05
2024,TJ Hockenson,HockTJ00,MIN,27.0,TE,5.0,4.0,31.0,23.0,254.0,0.0,16.0,177.0,7.7,77.0,3.3,7.7,0.0,,1.0,0.032,1.0,84.6,2024-12-05
2024,Andrei Iosivas,IosiAn00,CIN,25.0,WR,12.0,7.0,42.0,23.0,309.0,5.0,19.0,280.0,12.2,29.0,1.3,12.1,0.0,,4.0,0.095,0.0,118.0,2024-12-05
2024,Zack Moss,MossZa00,CIN,27.0,RB,8.0,6.0,27.0,23.0,187.0,1.0,11.0,-7.0,-0.3,194.0,8.4,0.1,3.0,7.7,1.0,0.037000000000000005,0.0,107.9,2024-12-05
2024,Calvin Austin,AustCa00,PIT,25.0,WR,12.0,4.0,38.0,22.0,383.0,4.0,13.0,263.0,12.0,120.0,5.5,12.6,1.0,22.0,2.0,0.053,0.0,127.4,2024-12-05
2024,Keon Coleman,ColeKe02,BUF,21.0,WR,9.0,8.0,36.0,22.0,417.0,3.0,16.0,226.0,10.3,191.0,8.7,13.0,4.0,5.5,3.0,0.083,1.0,117.5,2024-12-05
2024,Tyler Johnson,JohnTy00,LA,26.0,WR,12.0,2.0,34.0,22.0,256.0,0.0,7.0,102.0,4.6,154.0,7.0,5.7,0.0,,1.0,0.028999999999999998,1.0,75.1,2024-12-05
2024,Luke Schoonmaker,SchoLu00,DAL,26.0,TE,12.0,4.0,31.0,22.0,200.0,1.0,9.0,125.0,5.7,75.0,3.4,5.8,0.0,,0.0,0.0,0.0,98.9,2024-12-05
2024,Brenton Strange,StraBr00,JAX,24.0,TE,12.0,6.0,31.0,22.0,235.0,2.0,12.0,118.0,5.4,117.0,5.3,7.0,2.0,11.0,3.0,0.09699999999999999,0.0,114.3,2024-12-05
2024,Christian Watson,WatsCh00,GB,25.0,WR,11.0,11.0,38.0,22.0,450.0,2.0,17.0,346.0,15.7,104.0,4.7,18.8,0.0,,1.0,0.026000000000000002,2.0,95.3,2024-12-05
2024,AJ Barner,BarnAJ00,SEA,22.0,TE,12.0,5.0,27.0,21.0,180.0,2.0,12.0,66.0,3.1,114.0,5.4,3.4,1.0,21.0,2.0,0.07400000000000001,1.0,103.7,2024-12-05
2024,Troy Franklin,FranTr00,DEN,21.0,WR,12.0,5.0,41.0,21.0,218.0,2.0,9.0,102.0,4.9,116.0,5.5,15.1,1.0,21.0,1.0,0.024,1.0,73.0,2024-12-05
2024,Tim Patrick,PatrTi00,DET,31.0,WR,11.0,5.0,26.0,21.0,306.0,0.0,13.0,193.0,9.2,113.0,5.4,11.0,1.0,21.0,0.0,0.0,1.0,99.7,2024-12-05
2024,Curtis Samuel,SamuCu00,BUF,28.0,WR,11.0,1.0,33.0,21.0,185.0,1.0,7.0,99.0,4.7,86.0,4.1,6.3,1.0,21.0,1.0,0.03,1.0,75.9,2024-12-05
2024,Miles Sanders,SandMi01,CAR,27.0,RB,10.0,1.0,26.0,21.0,98.0,0.0,3.0,-39.0,-1.9,137.0,6.5,-0.6,0.0,,0.0,0.0,1.0,66.3,2024-12-05
2024,Dontayvion Wicks,WickDo00,GB,23.0,WR,12.0,2.0,51.0,21.0,247.0,4.0,14.0,164.0,7.8,83.0,4.0,11.6,3.0,7.0,8.0,0.157,2.0,66.4,2024-12-05
2024,Erick All,AllxEr00,CIN,24.0,TE,9.0,6.0,22.0,20.0,158.0,0.0,8.0,71.0,3.6,87.0,4.4,3.4,1.0,20.0,1.0,0.045,0.0,96.6,2024-12-05
2024,Dyami Brown,BrowDy00,WAS,25.0,WR,13.0,1.0,27.0,20.0,206.0,1.0,10.0,57.0,2.9,149.0,7.5,6.6,3.0,6.7,2.0,0.07400000000000001,0.0,107.9,2024-12-05
2024,Gabriel Davis,DaviGa01,JAX,25.0,WR,10.0,9.0,42.0,20.0,239.0,2.0,13.0,200.0,10.0,39.0,2.0,13.2,0.0,,0.0,0.0,2.0,61.5,2024-12-05
2024,Adonai Mitchell,MitcAd00,IND,22.0,WR,13.0,7.0,45.0,20.0,254.0,0.0,13.0,175.0,8.8,79.0,4.0,13.8,0.0,,3.0,0.067,0.0,62.6,2024-12-05
2024,Samaje Perine,PeriSa00,KC,29.0,RB,12.0,0.0,26.0,20.0,200.0,1.0,9.0,0.0,0.0,200.0,10.0,0.3,2.0,10.0,1.0,0.038,0.0,111.1,2024-12-05
2024,Rashid Shaheed,ShahRa00,NO,26.0,WR,6.0,5.0,41.0,20.0,349.0,3.0,12.0,243.0,12.2,106.0,5.3,17.6,0.0,,0.0,0.0,4.0,63.0,2024-12-05
2024,Nick Westbrook-Ikhine,WestNi00,TEN,27.0,WR,12.0,5.0,38.0,20.0,365.0,8.0,16.0,260.0,13.0,105.0,5.3,12.3,1.0,20.0,3.0,0.079,2.0,103.6,2024-12-05
2024,Kendrick Bourne,BourKe00,NE,29.0,WR,8.0,6.0,27.0,19.0,209.0,1.0,10.0,133.0,7.0,76.0,4.0,9.2,0.0,,4.0,0.14800000000000002,0.0,105.3,2024-12-05
2024,Mack Hollins,HollMa00,BUF,31.0,WR,12.0,9.0,32.0,19.0,231.0,4.0,16.0,180.0,9.5,51.0,2.7,13.2,0.0,,3.0,0.094,0.0,121.2,2024-12-05
2024,Kareem Hunt,HuntKa00,KC,29.0,RB,9.0,8.0,26.0,19.0,135.0,0.0,8.0,-30.0,-1.6,165.0,8.7,-2.0,4.0,4.8,0.0,0.0,0.0,84.6,2024-12-05
2024,Marvin Mims,MimsMa00,DEN,22.0,WR,13.0,1.0,30.0,19.0,267.0,2.0,6.0,13.0,0.7,254.0,13.4,10.0,0.0,,2.0,0.067,2.0,86.4,2024-12-05
2024,Josh Oliver,OlivJo00,MIN,27.0,TE,10.0,10.0,22.0,19.0,216.0,3.0,12.0,119.0,6.3,97.0,5.1,8.5,0.0,,1.0,0.045,0.0,147.2,2024-12-05
2024,Adam Thielen,ThieAd00,CAR,34.0,WR,5.0,5.0,26.0,19.0,265.0,2.0,11.0,182.0,9.6,83.0,4.4,10.2,0.0,,2.0,0.077,1.0,115.1,2024-12-05
2024,Justin Watson,WatsJu01,KC,29.0,WR,12.0,4.0,25.0,19.0,224.0,1.0,11.0,165.0,8.7,59.0,3.1,12.3,0.0,,2.0,0.08,0.0,116.1,2024-12-05
2024,Johnny Mundt,MundJo00,MIN,30.0,TE,12.0,3.0,25.0,18.0,135.0,2.0,7.0,57.0,3.2,78.0,4.3,4.5,1.0,18.0,2.0,0.08,0.0,111.2,2024-12-05
2024,Jalen Nailor,NailJa00,MIN,25.0,WR,12.0,4.0,30.0,18.0,270.0,5.0,15.0,202.0,11.2,68.0,3.8,11.6,0.0,,4.0,0.133,0.0,129.2,2024-12-05
2024,Darnell Washington,WashDa03,PIT,23.0,TE,12.0,6.0,23.0,18.0,192.0,1.0,9.0,69.0,3.8,123.0,6.8,4.3,2.0,9.0,0.0,0.0,1.0,97.8,2024-12-05
2024,Jordan Whittington,WhitJo04,LA,24.0,WR,10.0,2.0,23.0,18.0,201.0,0.0,10.0,75.0,4.2,126.0,7.0,3.9,1.0,18.0,0.0,0.0,0.0,103.1,2024-12-05
2024,Grant Calcaterra,CalcGr00,PHI,26.0,TE,12.0,8.0,20.0,17.0,216.0,0.0,12.0,100.0,5.9,116.0,6.8,7.0,0.0,,0.0,0.0,0.0,111.7,2024-12-05
2024,Jalen Coker,CokeJa01,CAR,23.0,WR,7.0,1.0,26.0,17.0,263.0,1.0,14.0,174.0,10.2,89.0,5.2,13.0,2.0,8.5,0.0,0.0,1.0,95.5,2024-12-05
2024,Elijah Higgins,HiggEl00,ARI,24.0,TE,12.0,4.0,19.0,17.0,144.0,2.0,8.0,77.0,4.5,67.0,3.9,4.5,1.0,17.0,1.0,0.053,0.0,133.3,2024-12-05
2024,Van Jefferson,JeffVa00,PIT,28.0,WR,12.0,10.0,29.0,17.0,221.0,1.0,9.0,149.0,8.8,72.0,4.2,12.3,0.0,,0.0,0.0,0.0,94.2,2024-12-05
2024,Jaleel McLaughlin,McLaJa00,DEN,24.0,RB,13.0,2.0,20.0,17.0,47.0,2.0,3.0,-65.0,-3.8,112.0,6.6,-3.8,1.0,17.0,0.0,0.0,0.0,112.5,2024-12-05
2024,Foster Moreau,MoreFo00,NO,27.0,TE,12.0,12.0,25.0,17.0,223.0,3.0,11.0,159.0,9.4,64.0,3.8,10.8,1.0,17.0,0.0,0.0,0.0,135.5,2024-12-05
2024,Tyjae Spears,SpeaTy00,TEN,23.0,RB,8.0,0.0,18.0,17.0,88.0,0.0,4.0,-25.0,-1.5,113.0,6.6,-1.1,1.0,17.0,0.0,0.0,0.0,87.0,2024-12-05
2024,Tanner Hudson,HudsTa00,CIN,30.0,TE,8.0,0.0,20.0,16.0,115.0,1.0,7.0,44.0,2.8,71.0,4.4,4.3,0.0,,1.0,0.05,0.0,107.3,2024-12-05
2024,Dawson Knox,KnoxDa00,BUF,28.0,TE,12.0,10.0,24.0,16.0,238.0,1.0,10.0,166.0,10.4,72.0,4.5,10.3,0.0,,1.0,0.042,1.0,95.5,2024-12-05
2024,Luke McCaffrey,McCaLu00,WAS,23.0,WR,13.0,4.0,20.0,16.0,155.0,0.0,7.0,72.0,4.5,83.0,5.2,6.7,1.0,16.0,1.0,0.05,0.0,99.0,2024-12-05
2024,Dare Ogunbowale,OgunDa00,HOU,30.0,RB,13.0,1.0,22.0,16.0,166.0,1.0,7.0,17.0,1.1,149.0,9.3,2.0,0.0,,2.0,0.091,0.0,109.3,2024-12-05
2024,Kalif Raymond,RaymKa00,DET,30.0,WR,11.0,2.0,21.0,16.0,204.0,2.0,9.0,73.0,4.6,131.0,8.2,8.1,0.0,,0.0,0.0,0.0,137.8,2024-12-05
2024,Devin Singletary,SingDe00,NYG,27.0,RB,10.0,5.0,19.0,16.0,99.0,0.0,4.0,-47.0,-2.9,146.0,9.1,-2.9,1.0,16.0,1.0,0.053,2.0,48.8,2024-12-05
2024,DJ Turner,TurnDJ00,LV,27.0,WR,12.0,6.0,29.0,16.0,158.0,1.0,9.0,75.0,4.7,83.0,5.2,8.8,2.0,8.0,1.0,0.034,2.0,53.5,2024-12-05
2024,Parker Washington,WashPa01,JAX,22.0,WR,12.0,2.0,30.0,16.0,221.0,1.0,11.0,171.0,10.7,50.0,3.1,11.6,1.0,16.0,1.0,0.033,0.0,88.3,2024-12-05
2024,Josh Whyle,WhylJo01,TEN,25.0,TE,12.0,4.0,22.0,16.0,151.0,0.0,10.0,58.0,3.6,93.0,5.8,5.7,1.0,16.0,1.0,0.045,0.0,91.3,2024-12-05
2024,Antonio Gibson,GibsAn00,NE,26.0,RB,13.0,2.0,18.0,15.0,147.0,0.0,7.0,-7.0,-0.5,154.0,10.3,-0.1,0.0,,1.0,0.055999999999999994,2.0,61.1,2024-12-05
2024,Christian McCaffrey,McCaCh01,SF,28.0,RB,4.0,4.0,19.0,15.0,146.0,0.0,6.0,48.0,3.2,98.0,6.5,3.2,1.0,15.0,0.0,0.0,1.0,76.8,2024-12-05
2024,John Metchie,MetcJo00,HOU,24.0,WR,10.0,2.0,21.0,15.0,165.0,1.0,8.0,108.0,7.2,57.0,3.8,9.0,0.0,,0.0,0.0,1.0,90.4,2024-12-05
2024,Tommy Tremble,TremTo00,CAR,24.0,TE,7.0,6.0,22.0,15.0,154.0,0.0,7.0,77.0,5.1,77.0,5.1,6.0,0.0,,1.0,0.045,1.0,69.1,2024-12-05
2024,Kyle Juszczyk,JuszKy00,SF,33.0,FB,12.0,10.0,21.0,14.0,119.0,0.0,4.0,78.0,5.6,41.0,2.9,5.3,0.0,,1.0,0.048,1.0,61.4,2024-12-05
2024,Jonathan Mingo,MingJo00,2TM,23.0,,12.0,5.0,36.0,14.0,131.0,0.0,4.0,64.0,4.6,67.0,4.8,9.8,1.0,14.0,2.0,0.055999999999999994,1.0,38.1,2024-12-05
2024,Jeremy Ruckert,RuckJe00,NYJ,24.0,TE,12.0,6.0,20.0,14.0,76.0,0.0,5.0,13.0,0.9,63.0,4.5,2.6,0.0,,1.0,0.05,0.0,76.2,2024-12-05
2024,Cade Stover,StovCa00,HOU,24.0,TE,13.0,8.0,20.0,14.0,132.0,1.0,5.0,41.0,2.9,91.0,6.5,5.2,2.0,7.0,1.0,0.05,0.0,104.6,2024-12-05
2024,Jonathan Taylor,TaylJo02,IND,25.0,RB,10.0,9.0,23.0,14.0,118.0,1.0,7.0,-15.0,-1.1,133.0,9.5,-1.0,2.0,7.0,2.0,0.087,1.0,70.6,2024-12-05
2024,Mason Tipton,TiptMa00,NO,24.0,WR,10.0,1.0,25.0,14.0,99.0,0.0,2.0,72.0,5.1,27.0,1.9,12.8,1.0,14.0,1.0,0.04,0.0,65.2,2024-12-05
2024,Nelson Agholor,AghoNe00,BAL,31.0,WR,13.0,6.0,28.0,13.0,205.0,2.0,9.0,122.0,9.4,83.0,6.4,13.0,1.0,13.0,4.0,0.14300000000000002,0.0,95.1,2024-12-05
2024,Derrick Henry,HenrDe00,BAL,30.0,RB,13.0,13.0,15.0,13.0,125.0,2.0,7.0,-20.0,-1.5,145.0,11.2,-2.0,2.0,6.5,0.0,0.0,0.0,141.0,2024-12-05
2024,Lucas Krull,KrulLu00,DEN,26.0,TE,9.0,2.0,17.0,13.0,120.0,0.0,6.0,75.0,5.8,45.0,3.5,6.4,1.0,13.0,0.0,0.0,0.0,95.2,2024-12-05
2024,Jalen McMillan,McMiJa01,TB,23.0,WR,8.0,7.0,27.0,13.0,145.0,1.0,8.0,99.0,7.6,46.0,3.5,13.4,0.0,,3.0,0.111,4.0,37.3,2024-12-05
2024,Mike Williams,WillMi07,2TM,30.0,,13.0,4.0,22.0,13.0,198.0,1.0,10.0,174.0,13.4,24.0,1.8,15.3,0.0,,2.0,0.091,2.0,66.1,2024-12-05
2024,Brock Wright,WrigBr01,DET,26.0,TE,12.0,6.0,15.0,13.0,100.0,2.0,7.0,25.0,1.9,75.0,5.8,3.7,1.0,13.0,0.0,0.0,1.0,106.2,2024-12-05
2024,Braelon Allen,AlleBr05,NYJ,20.0,RB,12.0,1.0,18.0,12.0,97.0,1.0,5.0,-19.0,-1.6,116.0,9.7,-0.7,1.0,12.0,2.0,0.111,0.0,98.6,2024-12-05
2024,Brandin Cooks,CookBr00,DAL,31.0,WR,5.0,5.0,26.0,12.0,107.0,2.0,9.0,88.0,7.3,19.0,1.6,13.4,0.0,,0.0,0.0,0.0,83.3,2024-12-05
2024,Emari Demercado,DemeEm00,ARI,25.0,RB,12.0,0.0,16.0,12.0,89.0,0.0,3.0,17.0,1.4,72.0,6.0,2.1,0.0,,0.0,0.0,0.0,87.8,2024-12-05
2024,Mecole Hardman,HardMe00,KC,26.0,WR,12.0,0.0,14.0,12.0,90.0,0.0,6.0,-9.0,-0.8,99.0,8.3,-1.0,0.0,,0.0,0.0,0.0,93.5,2024-12-05
2024,Raheem Mostert,MostRa00,MIA,32.0,RB,9.0,1.0,16.0,12.0,117.0,0.0,8.0,23.0,1.9,94.0,7.8,1.4,2.0,6.0,0.0,0.0,0.0,95.1,2024-12-05
2024,JaLynn Polk,PolkJa00,NE,22.0,WR,12.0,6.0,31.0,12.0,87.0,2.0,4.0,74.0,6.2,13.0,1.1,11.0,0.0,,4.0,0.129,1.0,54.9,2024-12-05
2024,Josh Reynolds,ReynJo00,DEN,29.0,WR,5.0,1.0,19.0,12.0,183.0,1.0,8.0,148.0,12.3,35.0,2.9,11.4,0.0,,0.0,0.0,0.0,112.4,2024-12-05
2024,Brian Robinson,RobiBr01,WAS,25.0,RB,10.0,9.0,16.0,12.0,105.0,0.0,3.0,-21.0,-1.8,126.0,10.5,-1.8,1.0,12.0,0.0,0.0,1.0,65.9,2024-12-05
2024,Trey Sermon,SermTr00,IND,25.0,RB,13.0,3.0,13.0,12.0,75.0,0.0,3.0,-6.0,-0.5,81.0,6.8,-0.5,0.0,,0.0,0.0,0.0,90.7,2024-12-05
2024,JuJu Smith-Schuster,SmitJu00,KC,28.0,WR,9.0,5.0,16.0,12.0,171.0,1.0,7.0,54.0,4.5,117.0,9.8,5.3,4.0,3.0,1.0,0.063,1.0,103.9,2024-12-05
2024,Nick Vannett,VannNi00,TEN,31.0,TE,12.0,7.0,14.0,12.0,90.0,2.0,4.0,22.0,1.8,68.0,5.7,1.2,0.0,,0.0,0.0,1.0,103.3,2024-12-05
2024,Cedrick Wilson,WilsCe01,NO,29.0,WR,10.0,0.0,15.0,12.0,141.0,1.0,6.0,84.0,7.0,57.0,4.8,8.6,0.0,,2.0,0.133,0.0,128.1,2024-12-05
2024,Mo Alie-Cox,AlieMo00,IND,31.0,TE,13.0,11.0,18.0,11.0,132.0,1.0,6.0,92.0,8.4,40.0,3.6,8.9,0.0,,1.0,0.055999999999999994,0.0,102.1,2024-12-05
2024,Ray Davis,DaviRa04,BUF,25.0,RB,12.0,0.0,12.0,11.0,153.0,1.0,4.0,29.0,2.6,124.0,11.3,1.9,0.0,,0.0,0.0,0.0,146.5,2024-12-05
2024,Jahan Dotson,DotsJa00,PHI,24.0,WR,12.0,4.0,19.0,11.0,117.0,0.0,6.0,69.0,6.3,48.0,4.4,9.7,0.0,,0.0,0.0,0.0,76.0,2024-12-05
2024,Julian Hill,HillJu02,MIA,24.0,TE,11.0,9.0,17.0,11.0,86.0,0.0,4.0,36.0,3.3,50.0,4.5,6.7,2.0,5.5,2.0,0.11800000000000001,0.0,77.1,2024-12-05
2024,Roschon Johnson,JohnRo07,CHI,23.0,RB,11.0,0.0,15.0,11.0,88.0,0.0,5.0,18.0,1.6,70.0,6.4,1.4,2.0,5.5,0.0,0.0,0.0,87.6,2024-12-05
2024,Jordan Mason,MasoJo00,SF,25.0,RB,12.0,6.0,14.0,11.0,91.0,0.0,5.0,32.0,2.9,59.0,5.4,3.7,1.0,11.0,0.0,0.0,0.0,93.7,2024-12-05
2024,Ricky Pearsall,PearRi00,SF,24.0,WR,6.0,2.0,18.0,11.0,132.0,1.0,5.0,83.0,7.5,49.0,4.5,9.9,1.0,11.0,0.0,0.0,0.0,102.1,2024-12-05
2024,Drew Sample,SampDr00,CIN,28.0,TE,12.0,10.0,13.0,11.0,59.0,1.0,3.0,21.0,1.9,38.0,3.5,2.1,0.0,,0.0,0.0,0.0,111.2,2024-12-05
2024,Robert Woods,WoodRo02,HOU,32.0,WR,11.0,2.0,17.0,11.0,112.0,0.0,7.0,67.0,6.1,45.0,4.1,8.7,0.0,,1.0,0.059000000000000004,0.0,83.5,2024-12-05
2024,Cam Akers,AkerCa00,2TM,25.0,,12.0,2.0,13.0,10.0,49.0,2.0,2.0,-1.0,-0.1,50.0,5.0,-0.8,0.0,,0.0,0.0,0.0,121.5,2024-12-05
2024,Tyler Allgeier,AllgTy00,ATL,24.0,RB,12.0,0.0,10.0,10.0,62.0,0.0,2.0,-2.0,-0.2,64.0,6.4,-0.2,1.0,10.0,0.0,0.0,0.0,92.5,2024-12-05
2024,Jake Bobo,BoboJa00,SEA,26.0,WR,12.0,2.0,14.0,10.0,89.0,0.0,5.0,65.0,6.5,24.0,2.4,8.8,0.0,,1.0,0.071,0.0,88.1,2024-12-05
2024,Jalen Brooks,BrooJa03,DAL,24.0,WR,11.0,1.0,28.0,10.0,148.0,0.0,6.0,111.0,11.1,37.0,3.7,13.4,1.0,10.0,1.0,0.036000000000000004,2.0,24.1,2024-12-05
2024,Ezekiel Elliott,ElliEz00,DAL,29.0,RB,11.0,2.0,13.0,10.0,56.0,0.0,2.0,-28.0,-2.8,84.0,8.4,-2.1,1.0,10.0,0.0,0.0,0.0,84.1,2024-12-05
2024,Tyler Goodson,GoodTy00,IND,24.0,RB,12.0,0.0,13.0,10.0,56.0,1.0,3.0,-8.0,-0.8,64.0,6.4,1.5,2.0,5.0,2.0,0.154,0.0,109.8,2024-12-05
2024,JaMycal Hasty,HastJa02,NE,28.0,RB,13.0,0.0,12.0,10.0,59.0,1.0,2.0,-13.0,-1.3,72.0,7.2,-1.3,1.0,10.0,0.0,0.0,0.0,114.9,2024-12-05
2024,Hunter Luepke,LuepHu00,DAL,24.0,RB,11.0,3.0,12.0,10.0,105.0,0.0,5.0,24.0,2.4,81.0,8.1,2.5,0.0,,0.0,0.0,0.0,103.1,2024-12-05
2024,Trey Palmer,PalmTr00,TB,23.0,WR,10.0,3.0,18.0,10.0,141.0,1.0,6.0,107.0,10.7,34.0,3.4,12.6,0.0,,1.0,0.055999999999999994,0.0,99.5,2024-12-05
2024,Marquez Valdes-Scantling,ValdMa00,2TM,30.0,,10.0,4.0,20.0,10.0,263.0,4.0,8.0,161.0,16.1,102.0,10.2,19.6,0.0,,0.0,0.0,1.0,114.6,2024-12-05
2024,Malik Washington,WashMa00,MIA,23.0,WR,9.0,1.0,15.0,10.0,54.0,0.0,1.0,18.0,1.8,36.0,3.6,3.1,0.0,,1.0,0.067,0.0,72.6,2024-12-05
2024,Chris Brooks,BrooCh00,GB,24.0,RB,10.0,0.0,10.0,9.0,58.0,0.0,2.0,-21.0,-2.3,79.0,8.8,-1.6,1.0,9.0,1.0,0.1,0.0,90.8,2024-12-05
2024,Harrison Bryant,BryaHa00,LV,26.0,TE,8.0,2.0,12.0,9.0,86.0,0.0,5.0,15.0,1.7,71.0,7.9,3.4,2.0,4.5,0.0,0.0,1.0,59.7,2024-12-05
2024,DeAndre Carter,CartDe02,CHI,31.0,WR,12.0,0.0,14.0,9.0,72.0,0.0,3.0,40.0,4.4,32.0,3.6,11.1,2.0,4.5,0.0,0.0,1.0,47.3,2024-12-05
2024,Luke Farrell,FarrLu00,JAX,27.0,TE,12.0,5.0,13.0,9.0,55.0,0.0,3.0,27.0,3.0,28.0,3.1,5.4,1.0,9.0,1.0,0.077,1.0,45.4,2024-12-05
2024,Alec Ingold,IngoAl01,MIA,28.0,FB,10.0,5.0,10.0,9.0,75.0,0.0,3.0,26.0,2.9,49.0,5.4,3.1,0.0,,0.0,0.0,0.0,97.9,2024-12-05
2024,Ty Johnson,JohnTy02,BUF,27.0,RB,12.0,1.0,13.0,9.0,106.0,2.0,6.0,54.0,6.0,52.0,5.8,6.3,1.0,9.0,0.0,0.0,0.0,133.3,2024-12-05
2024,Charlie Kolar,KolaCh00,BAL,25.0,TE,12.0,3.0,11.0,9.0,131.0,1.0,4.0,55.0,6.1,76.0,8.4,6.0,0.0,,0.0,0.0,0.0,146.6,2024-12-05
2024,Bub Means,MeanBu00,NO,23.0,WR,7.0,1.0,15.0,9.0,118.0,1.0,7.0,98.0,10.9,20.0,2.2,11.3,0.0,,1.0,0.067,0.0,107.1,2024-12-05
2024,Cordarrelle Patterson,PattCo00,PIT,33.0,RB,8.0,1.0,11.0,9.0,71.0,0.0,4.0,23.0,2.6,48.0,5.3,3.7,0.0,,0.0,0.0,1.0,55.7,2024-12-05
2024,Adam Trautman,TrauAd00,DEN,27.0,TE,13.0,11.0,16.0,9.0,158.0,1.0,7.0,68.0,7.6,90.0,10.0,5.5,0.0,,1.0,0.063,0.0,110.9,2024-12-05
2024,Tylan Wallace,WallTy00,BAL,25.0,WR,13.0,0.0,9.0,9.0,183.0,1.0,5.0,60.0,6.7,123.0,13.7,6.7,1.0,9.0,0.0,0.0,0.0,155.8,2024-12-05
2024,Emanuel Wilson,WilsEm00,GB,25.0,RB,12.0,0.0,12.0,9.0,46.0,1.0,3.0,-40.0,-4.4,86.0,9.6,-4.3,1.0,9.0,0.0,0.0,0.0,108.3,2024-12-05
2024,Odell Beckham,BeckOd00,MIA,32.0,WR,8.0,0.0,17.0,8.0,54.0,0.0,3.0,41.0,5.1,13.0,1.6,8.0,0.0,,1.0,0.059000000000000004,1.0,30.0,2024-12-05
2024,Eric Gray,GrayEr01,NYG,25.0,RB,12.0,0.0,9.0,8.0,76.0,0.0,3.0,-23.0,-2.9,99.0,12.4,-2.7,1.0,8.0,1.0,0.111,0.0,101.9,2024-12-05
2024,DErnest Johnson,JohnDE04,JAX,28.0,RB,11.0,1.0,13.0,8.0,77.0,0.0,3.0,-5.0,-0.6,82.0,10.3,0.5,0.0,,0.0,0.0,1.0,46.0,2024-12-05
2024,Michael Mayer,MayeMi00,LV,23.0,TE,6.0,4.0,14.0,8.0,42.0,0.0,3.0,30.0,3.8,12.0,1.5,4.2,0.0,,1.0,0.071,0.0,62.2,2024-12-05
2024,Andrew Ogletree,OgleAn00,IND,26.0,TE,13.0,3.0,12.0,8.0,88.0,1.0,5.0,47.0,5.9,41.0,5.1,9.8,0.0,,1.0,0.083,0.0,116.0,2024-12-05
2024,Isiah Pacheco,PachIs00,KC,25.0,RB,3.0,2.0,9.0,8.0,59.0,0.0,3.0,-31.0,-3.9,90.0,11.3,-2.2,1.0,8.0,1.0,0.111,0.0,94.0,2024-12-05
2024,Brevyn Spann-Ford,SpanBr00,DAL,25.0,TE,12.0,0.0,13.0,8.0,86.0,0.0,6.0,34.0,4.3,52.0,6.5,6.2,0.0,,0.0,0.0,0.0,80.9,2024-12-05
2024,Sean Tucker,TuckSe00,TB,23.0,RB,12.0,0.0,9.0,8.0,104.0,1.0,6.0,1.0,0.1,103.0,12.9,0.7,1.0,8.0,0.0,0.0,0.0,151.9,2024-12-05
2024,Nate Adkins,AdkiNa00,DEN,25.0,TE,13.0,7.0,8.0,7.0,50.0,2.0,3.0,27.0,3.9,23.0,3.3,6.3,0.0,,0.0,0.0,0.0,132.3,2024-12-05
2024,Michael Burton,BurtMi00,DEN,32.0,FB,13.0,2.0,7.0,7.0,46.0,0.0,1.0,21.0,3.0,25.0,3.6,3.0,0.0,,0.0,0.0,0.0,94.0,2024-12-05
2024,Britain Covey,CoveBr00,PHI,27.0,WR,5.0,1.0,8.0,7.0,34.0,0.0,2.0,6.0,0.9,28.0,4.0,1.1,0.0,,1.0,0.125,0.0,84.4,2024-12-05
2024,Gerald Everett,EverGe00,CHI,30.0,TE,12.0,3.0,11.0,7.0,30.0,0.0,1.0,-7.0,-1.0,37.0,5.3,1.5,2.0,3.5,1.0,0.091,0.0,67.6,2024-12-05
2024,Kenneth Gainwell,GainKe00,PHI,25.0,RB,12.0,0.0,11.0,7.0,49.0,0.0,2.0,12.0,1.7,37.0,5.3,0.9,2.0,3.5,0.0,0.0,0.0,73.7,2024-12-05
2024,Kylen Granson,GranKy00,IND,26.0,TE,13.0,4.0,19.0,7.0,94.0,0.0,3.0,53.0,7.6,41.0,5.9,13.5,0.0,,1.0,0.053,1.0,31.5,2024-12-05
2024,Hayden Hurst,HursHa00,LAC,31.0,TE,7.0,2.0,12.0,7.0,65.0,0.0,1.0,48.0,6.9,17.0,2.4,4.8,0.0,,2.0,0.16699999999999998,0.0,73.3,2024-12-05
2024,Xavier Hutchinson,HutcXa00,HOU,24.0,WR,12.0,2.0,18.0,7.0,70.0,0.0,4.0,42.0,6.0,28.0,4.0,9.7,0.0,,2.0,0.111,0.0,50.7,2024-12-05
2024,Jalin Hyatt,HyatJa00,NYG,23.0,WR,11.0,3.0,14.0,7.0,53.0,0.0,3.0,47.0,6.7,6.0,0.9,18.6,0.0,,2.0,0.14300000000000002,1.0,29.8,2024-12-05
2024,Rakim Jarrett,JarrRa00,TB,23.0,WR,5.0,2.0,9.0,7.0,107.0,0.0,4.0,90.0,12.9,17.0,2.4,12.3,0.0,,0.0,0.0,0.0,116.2,2024-12-05
2024,Ryan Miller,MillRy01,TB,24.0,WR,6.0,3.0,13.0,7.0,84.0,1.0,6.0,36.0,5.1,48.0,6.9,8.8,0.0,,1.0,0.077,1.0,67.5,2024-12-05
2024,KJ Osborn,OsboKJ00,NE,27.0,WR,7.0,4.0,18.0,7.0,57.0,1.0,2.0,41.0,5.9,16.0,2.3,5.9,0.0,,1.0,0.055999999999999994,0.0,66.2,2024-12-05
2024,Trent Sherfield,SherTr00,MIN,28.0,WR,12.0,1.0,8.0,7.0,77.0,1.0,3.0,39.0,5.6,38.0,5.4,6.3,0.0,,0.0,0.0,1.0,106.8,2024-12-05
2024,Durham Smythe,SmytDu00,MIA,29.0,TE,12.0,3.0,12.0,7.0,40.0,0.0,1.0,27.0,3.9,13.0,1.9,5.8,0.0,,1.0,0.083,0.0,64.6,2024-12-05
2024,Pierre Strong,StroPi00,CLE,26.0,RB,10.0,0.0,13.0,7.0,77.0,0.0,3.0,-18.0,-2.6,95.0,13.6,-0.2,2.0,3.5,2.0,0.154,0.0,71.6,2024-12-05
2024,Davis Allen,AlleDa02,LA,23.0,TE,10.0,4.0,12.0,6.0,39.0,0.0,2.0,18.0,3.0,21.0,3.5,2.6,0.0,,2.0,0.16699999999999998,0.0,57.3,2024-12-05
2024,Kevin Austin,AustKe00,NO,24.0,WR,3.0,0.0,7.0,6.0,85.0,0.0,6.0,66.0,11.0,19.0,3.2,9.3,0.0,,0.0,0.0,0.0,117.3,2024-12-05
2024,John Bates,BateJo00,WAS,27.0,TE,13.0,5.0,9.0,6.0,64.0,0.0,1.0,26.0,4.3,38.0,6.3,2.7,1.0,6.0,1.0,0.111,0.0,87.3,2024-12-05
2024,Parris Campbell,CampPa00,PHI,27.0,WR,5.0,0.0,8.0,6.0,30.0,1.0,1.0,21.0,3.5,9.0,1.5,4.3,0.0,,0.0,0.0,0.0,119.8,2024-12-05
2024,Ty Chandler,ChanTy01,MIN,26.0,RB,12.0,0.0,6.0,6.0,42.0,0.0,2.0,-11.0,-1.8,53.0,8.8,-1.8,0.0,,0.0,0.0,0.0,95.8,2024-12-05
2024,Derius Davis,DaviDe02,LAC,24.0,WR,10.0,2.0,8.0,6.0,46.0,0.0,2.0,-33.0,-5.5,79.0,13.2,0.1,1.0,6.0,0.0,0.0,0.0,88.5,2024-12-05
2024,Simi Fehoko,FehoSi00,LAC,27.0,WR,8.0,2.0,16.0,6.0,106.0,0.0,6.0,90.0,15.0,16.0,2.7,14.8,0.0,,2.0,0.125,0.0,60.9,2024-12-05
2024,Xavier Gipson,GipsXa00,NYJ,23.0,WR,12.0,0.0,10.0,6.0,39.0,1.0,3.0,17.0,2.8,22.0,3.7,11.2,0.0,,1.0,0.1,0.0,101.7,2024-12-05
2024,Malik Heath,HeatMa00,GB,24.0,WR,10.0,1.0,7.0,6.0,41.0,1.0,3.0,31.0,5.2,10.0,1.7,4.4,0.0,,0.0,0.0,0.0,130.7,2024-12-05
2024,Brandon Powell,PoweBr00,MIN,29.0,WR,12.0,1.0,9.0,6.0,59.0,0.0,4.0,48.0,8.0,11.0,1.8,10.0,0.0,,0.0,0.0,0.0,85.0,2024-12-05
2024,Jalen Reagor,ReagJa00,LAC,25.0,WR,7.0,1.0,11.0,6.0,96.0,0.0,3.0,71.0,11.8,25.0,4.2,10.9,0.0,,0.0,0.0,0.0,83.9,2024-12-05
2024,Zamir White,WhitZa01,LV,25.0,RB,8.0,5.0,8.0,6.0,30.0,0.0,2.0,-20.0,-3.3,50.0,8.3,-3.1,2.0,3.0,1.0,0.125,0.0,80.2,2024-12-05
2024,Trey Benson,BensTr01,ARI,21.0,RB,11.0,1.0,5.0,5.0,55.0,0.0,3.0,-14.0,-2.8,69.0,13.8,-2.8,2.0,2.5,0.0,0.0,0.0,112.5,2024-12-05
2024,Pharaoh Brown,BrowPh01,SEA,30.0,TE,10.0,5.0,8.0,5.0,38.0,0.0,1.0,19.0,3.8,19.0,3.8,4.0,1.0,5.0,1.0,0.125,0.0,74.0,2024-12-05
2024,Nick Chubb,ChubNi00,CLE,29.0,RB,6.0,6.0,9.0,5.0,31.0,1.0,3.0,0.0,0.0,31.0,6.2,-0.4,0.0,,0.0,0.0,0.0,99.8,2024-12-05
2024,Greg Dulcich,DulcGr00,DEN,24.0,TE,4.0,3.0,12.0,5.0,28.0,0.0,,13.0,2.6,15.0,3.0,5.9,0.0,,2.0,0.16699999999999998,0.0,49.3,2024-12-05
2024,DOnta Foreman,ForeDO00,CLE,28.0,RB,8.0,2.0,5.0,5.0,46.0,0.0,1.0,4.0,0.8,42.0,8.4,0.8,1.0,5.0,0.0,0.0,0.0,105.0,2024-12-05
2024,Isaac Guerendo,GuerIs00,SF,24.0,RB,12.0,0.0,6.0,5.0,19.0,0.0,2.0,-3.0,-0.6,22.0,4.4,0.3,0.0,,0.0,0.0,0.0,79.9,2024-12-05
2024,KhaDarel Hodge,HodgKh00,ATL,29.0,WR,12.0,0.0,6.0,5.0,98.0,1.0,4.0,25.0,5.0,73.0,14.6,4.2,0.0,,0.0,0.0,0.0,158.3,2024-12-05
2024,Hunter Long,LongHu00,LA,26.0,TE,12.0,2.0,6.0,5.0,43.0,0.0,1.0,23.0,4.6,20.0,4.0,3.5,0.0,,0.0,0.0,0.0,96.5,2024-12-05
2024,Bo Melton,MeltBo00,GB,25.0,WR,12.0,0.0,12.0,5.0,73.0,0.0,4.0,67.0,13.4,6.0,1.2,20.2,0.0,,0.0,0.0,1.0,27.4,2024-12-05
2024,Luke Musgrave,MusgLu00,GB,24.0,TE,4.0,2.0,7.0,5.0,22.0,0.0,1.0,7.0,1.4,15.0,3.0,5.7,0.0,,0.0,0.0,1.0,35.1,2024-12-05
2024,Eric Saubert,SaubEr00,SF,30.0,TE,12.0,3.0,7.0,5.0,74.0,0.0,2.0,43.0,8.6,31.0,6.2,6.9,0.0,,1.0,0.14300000000000002,0.0,105.7,2024-12-05
2024,Laviska Shenault,ShenLa00,SEA,26.0,WR,11.0,1.0,5.0,5.0,36.0,0.0,2.0,-10.0,-2.0,46.0,9.2,-2.0,0.0,,0.0,0.0,0.0,96.7,2024-12-05
2024,Carson Steele,SteeCa00,KC,22.0,RB,12.0,2.0,9.0,5.0,24.0,0.0,0.0,-11.0,-2.2,35.0,7.0,-1.2,3.0,1.7,0.0,0.0,0.0,60.9,2024-12-05
2024,Jamaal Williams,WillJa06,NO,29.0,RB,9.0,0.0,7.0,5.0,28.0,0.0,2.0,-4.0,-0.8,32.0,6.4,-3.1,0.0,,0.0,0.0,0.0,78.3,2024-12-05
2024,Tank Bigsby,BigsTa00,JAX,23.0,RB,11.0,1.0,6.0,4.0,43.0,0.0,1.0,-5.0,-1.3,48.0,12.0,-2.3,1.0,4.0,1.0,0.16699999999999998,0.0,87.5,2024-12-05
2024,Treylon Burks,BurkTr00,TEN,24.0,WR,5.0,2.0,8.0,4.0,34.0,0.0,3.0,29.0,7.3,5.0,1.3,16.9,1.0,4.0,2.0,0.25,1.0,21.9,2024-12-05
2024,Jermaine Burton,BurtJe01,CIN,23.0,WR,10.0,1.0,14.0,4.0,107.0,0.0,4.0,85.0,21.3,22.0,5.5,21.1,0.0,,1.0,0.071,0.0,58.9,2024-12-05
2024,Blake Corum,CoruBl00,LA,24.0,RB,12.0,0.0,4.0,4.0,31.0,0.0,2.0,-5.0,-1.3,36.0,9.0,-1.3,1.0,4.0,0.0,0.0,0.0,99.0,2024-12-05
2024,Isaiah Davis,DaviIs00,NYJ,22.0,RB,12.0,0.0,4.0,4.0,38.0,1.0,2.0,3.0,0.8,35.0,8.8,0.8,0.0,,0.0,0.0,0.0,145.8,2024-12-05
2024,Ryan Flournoy,FlouRy00,DAL,25.0,WR,7.0,1.0,6.0,4.0,44.0,0.0,2.0,26.0,6.5,18.0,4.5,8.7,0.0,,1.0,0.16699999999999998,0.0,88.2,2024-12-05
2024,Connor Heyward,HeywCo00,PIT,25.0,TE,12.0,4.0,6.0,4.0,29.0,1.0,1.0,22.0,5.5,7.0,1.8,9.3,0.0,,2.0,0.33299999999999996,0.0,117.4,2024-12-05
2024,Will Mallory,MallWi00,IND,25.0,TE,8.0,0.0,7.0,4.0,29.0,0.0,1.0,25.0,6.3,4.0,1.0,9.9,1.0,4.0,0.0,0.0,0.0,67.0,2024-12-05
2024,Jordan Mims,MimsJo00,NO,25.0,RB,9.0,0.0,7.0,4.0,42.0,0.0,2.0,-2.0,-0.5,44.0,11.0,-1.4,0.0,,0.0,0.0,0.0,74.7,2024-12-05
2024,MyCole Pruitt,PruiMy00,PIT,32.0,TE,7.0,3.0,7.0,4.0,40.0,0.0,1.0,26.0,6.5,14.0,3.5,4.0,0.0,,0.0,0.0,0.0,73.5,2024-12-05
2024,Ben Sinnott,SinnBe00,WAS,22.0,TE,13.0,1.0,4.0,4.0,21.0,1.0,2.0,6.0,1.5,15.0,3.8,1.5,0.0,,0.0,0.0,0.0,128.1,2024-12-05
2024,Tyquan Thornton,ThorTy00,NE,24.0,WR,6.0,1.0,8.0,4.0,47.0,0.0,2.0,23.0,5.8,24.0,6.0,15.8,1.0,4.0,0.0,0.0,1.0,28.6,2024-12-05
2024,Blake Whiteheart,WhitBl01,CLE,24.0,TE,6.0,0.0,5.0,4.0,42.0,1.0,2.0,38.0,9.5,4.0,1.0,9.0,0.0,,0.0,0.0,0.0,141.2,2024-12-05
2024,Alex Bachman,BachAl00,LV,28.0,WR,6.0,1.0,3.0,3.0,31.0,0.0,2.0,21.0,7.0,10.0,3.3,7.0,0.0,,0.0,0.0,0.0,109.7,2024-12-05
2024,Tyler Badie,BadiTy00,DEN,24.0,RB,3.0,0.0,3.0,3.0,-2.0,0.0,0.0,-6.0,-2.0,4.0,1.3,-2.0,0.0,,0.0,0.0,0.0,79.2,2024-12-05
2024,David Bell,BellDa02,CLE,24.0,WR,1.0,0.0,3.0,3.0,27.0,0.0,1.0,19.0,6.3,8.0,2.7,6.3,0.0,,0.0,0.0,0.0,104.2,2024-12-05
2024,Daniel Bellinger,BellDa00,NYG,24.0,TE,12.0,4.0,3.0,3.0,31.0,0.0,2.0,22.0,7.3,9.0,3.0,7.3,0.0,,0.0,0.0,0.0,109.7,2024-12-05
2024,Jonathon Brooks,BrooJo02,CAR,21.0,RB,2.0,0.0,3.0,3.0,23.0,0.0,2.0,-8.0,-2.7,31.0,10.3,-2.7,0.0,,0.0,0.0,0.0,98.6,2024-12-05
2024,Tanner Conner,ConnTa00,MIA,26.0,TE,8.0,1.0,4.0,3.0,16.0,0.0,1.0,11.0,3.7,5.0,1.7,11.5,0.0,,0.0,0.0,0.0,81.2,2024-12-05
2024,Malachi Corley,CorlMa00,NYJ,22.0,WR,8.0,1.0,6.0,3.0,16.0,0.0,1.0,11.0,3.7,5.0,1.7,8.3,0.0,,0.0,0.0,0.0,56.2,2024-12-05
2024,Devin Duvernay,DuveDe00,JAX,27.0,WR,8.0,0.0,7.0,3.0,22.0,0.0,2.0,-1.0,-0.3,23.0,7.7,17.0,0.0,,1.0,0.14300000000000002,0.0,50.9,2024-12-05
2024,Audric Estime,EstiAu00,DEN,21.0,RB,9.0,0.0,3.0,3.0,9.0,0.0,1.0,-6.0,-2.0,15.0,5.0,-2.0,0.0,,0.0,0.0,0.0,79.2,2024-12-05
2024,Tucker Fisk,FiskTu00,LAC,25.0,TE,4.0,3.0,4.0,3.0,14.0,0.0,,4.0,1.3,10.0,3.3,1.5,0.0,,0.0,0.0,0.0,79.2,2024-12-05
2024,Peyton Hendershot,HendPe01,KC,25.0,TE,5.0,0.0,3.0,3.0,26.0,0.0,1.0,11.0,3.7,15.0,5.0,3.7,0.0,,0.0,0.0,0.0,102.8,2024-12-05
2024,Trenton Irwin,IrwiTr00,CIN,29.0,WR,7.0,2.0,10.0,3.0,15.0,0.0,1.0,11.0,3.7,4.0,1.3,6.2,0.0,,1.0,0.1,0.0,39.6,2024-12-05
2024,Scott Matlock,MatlSc00,LAC,24.0,DL,12.0,7.0,4.0,3.0,18.0,0.0,,6.0,2.0,12.0,4.0,2.0,0.0,,1.0,0.25,0.0,83.3,2024-12-05
2024,Bryce Oliver,OlivBr02,TEN,24.0,WR,5.0,1.0,3.0,3.0,56.0,0.0,2.0,44.0,14.7,12.0,4.0,14.7,0.0,,0.0,0.0,0.0,118.7,2024-12-05
2024,Dante Pettis,PettDa00,NO,29.0,WR,3.0,0.0,4.0,3.0,22.0,0.0,1.0,7.0,2.3,15.0,5.0,0.3,1.0,3.0,0.0,0.0,0.0,87.5,2024-12-05
2024,Tip Reiman,ReimTi00,ARI,23.0,TE,12.0,7.0,3.0,3.0,15.0,0.0,,7.0,2.3,8.0,2.7,2.3,1.0,3.0,0.0,0.0,0.0,87.5,2024-12-05
2024,Ben Sims,SimsBe00,GB,24.0,TE,12.0,5.0,4.0,3.0,40.0,0.0,1.0,25.0,8.3,15.0,5.0,9.8,0.0,,0.0,0.0,0.0,106.2,2024-12-05
2024,Stone Smartt,SmarSt00,LAC,26.0,TE,10.0,0.0,5.0,3.0,44.0,0.0,2.0,25.0,8.3,19.0,6.3,11.6,0.0,,1.0,0.2,0.0,88.7,2024-12-05
2024,Ainias Smith,SmitAi00,PHI,23.0,WR,5.0,1.0,3.0,3.0,6.0,0.0,,-1.0,-0.3,7.0,2.3,-0.3,0.0,,0.0,0.0,0.0,79.2,2024-12-05
2024,Ian Thomas,ThomIa00,CAR,28.0,TE,5.0,2.0,6.0,3.0,7.0,0.0,1.0,1.0,0.3,6.0,2.0,4.2,0.0,,1.0,0.16699999999999998,1.0,16.7,2024-12-05
2024,Deven Thompkins,ThomDe07,CAR,25.0,WR,4.0,0.0,3.0,3.0,13.0,0.0,1.0,-14.0,-4.7,27.0,9.0,-4.7,0.0,,0.0,0.0,0.0,84.7,2024-12-05
2024,Jamari Thrash,ThraJa01,CLE,24.0,WR,5.0,0.0,3.0,3.0,22.0,0.0,2.0,8.0,2.7,14.0,4.7,2.7,0.0,,0.0,0.0,0.0,97.2,2024-12-05
2024,Deuce Vaughn,VaugDe00,DAL,23.0,RB,6.0,0.0,5.0,3.0,18.0,0.0,,5.0,1.7,13.0,4.3,0.0,1.0,3.0,0.0,0.0,0.0,67.1,2024-12-05
2024,Kimani Vidal,VidaKi00,LAC,23.0,RB,5.0,0.0,3.0,3.0,49.0,1.0,1.0,23.0,7.7,26.0,8.7,7.7,0.0,,0.0,0.0,0.0,158.3,2024-12-05
2024,Charlie Woerner,WoerCh00,ATL,27.0,TE,11.0,1.0,5.0,3.0,22.0,0.0,2.0,10.0,3.3,12.0,4.0,1.4,0.0,,0.0,0.0,0.0,70.4,2024-12-05
2024,Michael Woods,WoodMi00,CLE,24.0,WR,1.0,0.0,5.0,3.0,43.0,0.0,3.0,26.0,8.7,17.0,5.7,10.4,0.0,,0.0,0.0,0.0,87.9,2024-12-05
2024,Kenny Yeboah,YeboKe00,NYJ,26.0,TE,4.0,0.0,3.0,3.0,27.0,1.0,2.0,0.0,0.0,27.0,9.0,0.0,0.0,,0.0,0.0,0.0,143.7,2024-12-05
2024,Ronnie Bell,BellRo01,SF,24.0,WR,9.0,0.0,6.0,2.0,22.0,0.0,2.0,20.0,10.0,2.0,1.0,10.8,0.0,,2.0,0.33299999999999996,1.0,5.6,2024-12-05
2024,Julius Chestnut,ChesJu00,TEN,24.0,RB,12.0,0.0,2.0,2.0,11.0,0.0,0.0,-3.0,-1.5,14.0,7.0,-1.5,0.0,,0.0,0.0,0.0,89.6,2024-12-05
2024,Jacob Cowing,CowiJa00,SF,23.0,WR,10.0,0.0,3.0,2.0,50.0,0.0,1.0,34.0,17.0,16.0,8.0,9.7,0.0,,0.0,0.0,0.0,109.7,2024-12-05
2024,Josiah Deguara,DeguJo00,JAX,27.0,TE,10.0,0.0,2.0,2.0,10.0,0.0,,0.0,0.0,10.0,5.0,0.0,0.0,,0.0,0.0,0.0,87.5,2024-12-05
2024,Ashton Dulin,DuliAs00,IND,27.0,WR,12.0,2.0,8.0,2.0,67.0,1.0,2.0,24.0,12.0,43.0,21.5,19.3,1.0,2.0,1.0,0.125,1.0,62.0,2024-12-05
2024,Payne Durham,DurhPa00,TB,24.0,TE,11.0,3.0,2.0,2.0,34.0,0.0,1.0,28.0,14.0,6.0,3.0,14.0,0.0,,0.0,0.0,0.0,118.7,2024-12-05
2024,Gus Edwards,EdwaGu00,LAC,29.0,RB,8.0,3.0,3.0,2.0,3.0,0.0,0.0,-1.0,-0.5,4.0,2.0,-2.0,0.0,,0.0,0.0,0.0,70.1,2024-12-05
2024,DWayne Eskridge,EskrDW00,MIA,27.0,WR,4.0,0.0,2.0,2.0,36.0,0.0,2.0,18.0,9.0,18.0,9.0,9.0,0.0,,0.0,0.0,0.0,118.7,2024-12-05
2024,CJ Ham,HamxC.00,MIN,31.0,FB,12.0,3.0,3.0,2.0,11.0,0.0,0.0,5.0,2.5,6.0,3.0,0.0,0.0,,0.0,0.0,0.0,72.9,2024-12-05
2024,Khalil Herbert,HerbKh00,2TM,26.0,,9.0,0.0,2.0,2.0,4.0,0.0,0.0,-2.0,-1.0,6.0,3.0,-1.0,0.0,,0.0,0.0,0.0,79.2,2024-12-05
2024,Isaiah Hodgins,HodgIs00,NYG,26.0,WR,3.0,0.0,2.0,2.0,12.0,0.0,,11.0,5.5,1.0,0.5,5.5,0.0,,0.0,0.0,0.0,91.7,2024-12-05
2024,Tim Jones,JoneTi00,JAX,26.0,WR,12.0,0.0,4.0,2.0,30.0,0.0,2.0,13.0,6.5,17.0,8.5,7.3,0.0,,0.0,0.0,0.0,75.0,2024-12-05
2024,Brevin Jordan,JordBr00,HOU,24.0,TE,2.0,1.0,3.0,2.0,7.0,0.0,1.0,4.0,2.0,3.0,1.5,0.3,0.0,,0.0,0.0,0.0,70.1,2024-12-05
2024,Sincere McCormick,McCoSi00,LV,24.0,RB,3.0,0.0,2.0,2.0,1.0,0.0,1.0,-9.0,-4.5,10.0,5.0,-4.5,0.0,,0.0,0.0,0.0,79.2,2024-12-05
2024,Jeremy McNichols,McNiJe00,WAS,29.0,RB,13.0,1.0,3.0,2.0,7.0,0.0,0.0,-2.0,-1.0,9.0,4.5,-1.3,0.0,,0.0,0.0,0.0,70.1,2024-12-05
2024,Kendre Miller,MillKe01,NO,22.0,RB,2.0,0.0,3.0,2.0,1.0,0.0,0.0,-3.0,-1.5,4.0,2.0,-0.3,0.0,,1.0,0.33299999999999996,0.0,70.1,2024-12-05
2024,Scott Miller,MillSc01,PIT,27.0,WR,9.0,0.0,4.0,2.0,31.0,0.0,1.0,9.0,4.5,22.0,11.0,14.8,1.0,2.0,0.0,0.0,0.0,76.0,2024-12-05
2024,Quintin Morris,MorrQu00,BUF,25.0,TE,12.0,2.0,3.0,2.0,16.0,1.0,2.0,8.0,4.0,8.0,4.0,13.0,0.0,,0.0,0.0,0.0,119.4,2024-12-05
2024,Dameon Pierce,PierDa01,HOU,24.0,RB,7.0,0.0,2.0,2.0,2.0,0.0,0.0,-3.0,-1.5,5.0,2.5,-1.5,1.0,2.0,0.0,0.0,0.0,79.2,2024-12-05
2024,Patrick Ricard,RicaPa00,BAL,30.0,FB,13.0,5.0,4.0,2.0,8.0,1.0,1.0,3.0,1.5,5.0,2.5,1.3,0.0,,1.0,0.25,0.0,95.8,2024-12-05
2024,Allen Robinson,RobiAl02,DET,31.0,WR,8.0,0.0,5.0,2.0,9.0,0.0,2.0,7.0,3.5,2.0,1.0,5.0,0.0,,1.0,0.2,0.0,47.9,2024-12-05
2024,Ben Skowronek,SkowBe00,PIT,27.0,WR,6.0,1.0,2.0,2.0,27.0,0.0,1.0,18.0,9.0,9.0,4.5,9.0,0.0,,0.0,0.0,0.0,118.7,2024-12-05
2024,Xavier Smith,SmitXa00,LA,27.0,WR,10.0,0.0,2.0,2.0,6.0,0.0,1.0,1.0,0.5,5.0,2.5,0.5,0.0,,0.0,0.0,0.0,79.2,2024-12-05
2024,Jack Stoll,StolJa00,2TM,26.0,,8.0,2.0,3.0,2.0,10.0,0.0,,8.0,4.0,2.0,1.0,4.0,0.0,,0.0,0.0,0.0,71.5,2024-12-05
2024,JJ Taylor,TaylJJ01,HOU,26.0,RB,5.0,0.0,3.0,2.0,0.0,0.0,0.0,-1.0,-0.5,1.0,0.5,-2.0,0.0,,1.0,0.33299999999999996,0.0,70.1,2024-12-05
2024,Eric Tomlinson,TomlEr01,LAC,32.0,TE,8.0,1.0,4.0,2.0,9.0,0.0,,-3.0,-1.5,12.0,6.0,2.0,1.0,2.0,1.0,0.25,0.0,56.2,2024-12-05
2024,Austin Trammell,TramAu00,JAX,26.0,WR,1.0,0.0,3.0,2.0,40.0,0.0,2.0,31.0,15.5,9.0,4.5,14.7,0.0,,0.0,0.0,0.0,109.7,2024-12-05
2024,Cody White,WhitCo05,SEA,26.0,WR,4.0,0.0,3.0,2.0,44.0,0.0,2.0,31.0,15.5,13.0,6.5,13.3,0.0,,0.0,0.0,0.0,109.7,2024-12-05
2024,Kristian Wilkerson,WilkKr00,LV,27.0,WR,2.0,0.0,3.0,2.0,18.0,1.0,2.0,7.0,3.5,11.0,5.5,5.3,0.0,,0.0,0.0,0.0,122.2,2024-12-05
2024,Isaiah Williams,WillIs03,2TM,23.0,,3.0,0.0,3.0,2.0,6.0,0.0,,-1.0,-0.5,7.0,3.5,5.0,2.0,1.0,0.0,0.0,0.0,70.1,2024-12-05
2024,Jeff Wilson,WilsJe01,MIA,29.0,RB,5.0,0.0,2.0,2.0,12.0,0.0,0.0,-1.0,-0.5,13.0,6.5,-0.5,0.0,,0.0,0.0,0.0,91.7,2024-12-05
2024,Johnny Wilson,WilsJo03,PHI,23.0,WR,11.0,3.0,8.0,2.0,14.0,1.0,2.0,8.0,4.0,6.0,3.0,11.4,0.0,,0.0,0.0,0.0,79.2,2024-12-05
2024,Jaheim Bell,BellJa00,NE,23.0,TE,11.0,0.0,2.0,1.0,1.0,0.0,,-2.0,-2.0,3.0,3.0,3.0,0.0,,0.0,0.0,0.0,56.2,2024-12-05
2024,Mike Caliendo,CaliMi00,KC,27.0,OL,12.0,0.0,1.0,1.0,5.0,0.0,1.0,2.0,2.0,3.0,3.0,2.0,0.0,,0.0,0.0,0.0,87.5,2024-12-05
2024,Dan Chisena,ChisDa00,CAR,27.0,WR,2.0,0.0,1.0,1.0,6.0,0.0,,5.0,5.0,1.0,1.0,5.0,0.0,,0.0,0.0,0.0,91.7,2024-12-05
2024,Robbie Chosen,AndeRo04,MIA,31.0,WR,2.0,0.0,4.0,1.0,5.0,0.0,,4.0,4.0,1.0,1.0,11.8,0.0,,0.0,0.0,1.0,0.0,2024-12-05
2024,Chris Conley,ConlCh00,SF,32.0,WR,10.0,1.0,7.0,1.0,4.0,0.0,,4.0,4.0,0.0,0.0,22.3,0.0,,0.0,0.0,1.0,0.0,2024-12-05
2024,Dalvin Cook,CookDa01,DAL,29.0,RB,2.0,0.0,1.0,1.0,10.0,0.0,1.0,3.0,3.0,7.0,7.0,3.0,0.0,,0.0,0.0,0.0,108.3,2024-12-05
2024,Jamison Crowder,CrowJa00,WAS,31.0,WR,2.0,0.0,1.0,1.0,5.0,0.0,,-3.0,-3.0,8.0,8.0,-3.0,0.0,,0.0,0.0,0.0,87.5,2024-12-05
2024,Jaelon Darden,DardJa00,CLE,25.0,WR,7.0,1.0,1.0,1.0,6.0,0.0,1.0,-3.0,-3.0,9.0,9.0,-3.0,0.0,,0.0,0.0,0.0,91.7,2024-12-05
2024,Zach Davidson,DaviZa00,BUF,26.0,TE,1.0,0.0,2.0,1.0,5.0,0.0,,3.0,3.0,2.0,2.0,1.5,0.0,,0.0,0.0,0.0,56.2,2024-12-05
2024,Divine Deablo,DeabDi00,LV,26.0,LB,9.0,9.0,1.0,1.0,34.0,0.0,1.0,4.0,4.0,30.0,30.0,4.0,0.0,,0.0,0.0,0.0,118.7,2024-12-05
2024,Grant Dubose,DuboGr00,MIA,23.0,WR,2.0,0.0,3.0,1.0,13.0,0.0,1.0,13.0,13.0,0.0,0.0,17.3,0.0,,0.0,0.0,1.0,8.3,2024-12-05
2024,Ross Dwelley,DwelRo00,ATL,29.0,TE,12.0,0.0,1.0,1.0,5.0,0.0,,1.0,1.0,4.0,4.0,1.0,0.0,,0.0,0.0,0.0,87.5,2024-12-05
2024,John FitzPatrick,FitzJo00,GB,24.0,TE,4.0,0.0,1.0,1.0,2.0,0.0,,2.0,2.0,0.0,0.0,2.0,0.0,,0.0,0.0,0.0,79.2,2024-12-05
2024,Jody Fortson,FortJo01,KC,29.0,TE,3.0,0.0,3.0,1.0,5.0,0.0,1.0,3.0,3.0,2.0,2.0,1.3,0.0,,0.0,0.0,1.0,2.8,2024-12-05
2024,Myles Gaskin,GaskMy00,MIN,27.0,RB,5.0,0.0,1.0,1.0,11.0,0.0,,-2.0,-2.0,13.0,13.0,-2.0,0.0,,0.0,0.0,0.0,112.5,2024-12-05
2024,Jared Goff,GoffJa00,DET,30.0,QB,12.0,12.0,1.0,1.0,7.0,1.0,1.0,5.0,5.0,2.0,2.0,5.0,0.0,,0.0,0.0,0.0,135.4,2024-12-05
2024,Cam Grandy,GranCa00,CIN,24.0,TE,3.0,1.0,1.0,1.0,0.0,0.0,,-1.0,-1.0,1.0,1.0,-1.0,0.0,,0.0,0.0,0.0,79.2,2024-12-05
2024,JhaQuan Jackson,JackJh00,TEN,24.0,WR,12.0,0.0,3.0,1.0,8.0,0.0,1.0,6.0,6.0,2.0,2.0,26.0,0.0,,0.0,0.0,0.0,42.4,2024-12-05
2024,Brandon Johnson,JohnBr23,PIT,26.0,WR,3.0,0.0,1.0,1.0,9.0,0.0,,5.0,5.0,4.0,4.0,5.0,0.0,,0.0,0.0,0.0,104.2,2024-12-05
2024,Charlie Jones,JoneCh11,CIN,26.0,WR,8.0,0.0,1.0,1.0,5.0,0.0,,5.0,5.0,0.0,0.0,5.0,0.0,,0.0,0.0,0.0,87.5,2024-12-05
2024,Velus Jones,JoneVe00,CHI,27.0,WR,1.0,0.0,1.0,1.0,8.0,0.0,0.0,-5.0,-5.0,13.0,13.0,-5.0,0.0,,0.0,0.0,0.0,100.0,2024-12-05
2024,Zay Jones,JoneZa00,ARI,29.0,WR,6.0,1.0,2.0,1.0,3.0,0.0,1.0,-2.0,-2.0,5.0,5.0,4.5,0.0,,0.0,0.0,0.0,56.2,2024-12-05
2024,Ramel Keyton,KeytRa00,LV,24.0,WR,3.0,0.0,3.0,1.0,7.0,0.0,1.0,7.0,7.0,0.0,0.0,10.0,0.0,,0.0,0.0,0.0,42.4,2024-12-05
2024,JC Latham,LathJC00,TEN,21.0,OT,12.0,12.0,1.0,1.0,0.0,0.0,,-4.0,-4.0,4.0,4.0,-4.0,0.0,,0.0,0.0,0.0,79.2,2024-12-05
2024,Marcedes Lewis,LewiMa00,CHI,40.0,TE,12.0,3.0,2.0,1.0,2.0,0.0,1.0,1.0,1.0,1.0,1.0,7.0,0.0,,0.0,0.0,0.0,56.2,2024-12-05
2024,MarShawn Lloyd,LloyMa00,GB,23.0,RB,1.0,0.0,1.0,1.0,3.0,0.0,,-5.0,-5.0,8.0,8.0,-5.0,0.0,,0.0,0.0,0.0,79.2,2024-12-05
2024,Vederian Lowe,LoweVe00,NE,25.0,T,10.0,9.0,1.0,1.0,4.0,1.0,1.0,4.0,4.0,0.0,0.0,4.0,0.0,,0.0,0.0,0.0,122.9,2024-12-05
2024,Patrick Mahomes,MahoPa00,KC,29.0,QB,12.0,12.0,1.0,1.0,2.0,0.0,0.0,-1.0,-1.0,3.0,3.0,-1.0,0.0,,0.0,0.0,0.0,79.2,2024-12-05
2024,Chris Manhertz,ManhCh00,NYG,32.0,TE,12.0,8.0,2.0,1.0,2.0,1.0,1.0,2.0,2.0,0.0,0.0,3.0,0.0,,0.0,0.0,0.0,95.8,2024-12-05
2024,Wanya Morris,MorrWa01,KC,24.0,OL,12.0,10.0,1.0,1.0,1.0,1.0,1.0,1.0,1.0,0.0,0.0,1.0,0.0,,0.0,0.0,0.0,118.7,2024-12-05
2024,Bo Nix,NixxBo00,DEN,24.0,QB,13.0,13.0,1.0,1.0,2.0,1.0,1.0,2.0,2.0,0.0,0.0,2.0,0.0,,0.0,0.0,0.0,118.7,2024-12-05
2024,James Proche,ProcJa00,CLE,28.0,WR,4.0,0.0,1.0,1.0,3.0,0.0,,-1.0,-1.0,4.0,4.0,-1.0,1.0,1.0,0.0,0.0,0.0,79.2,2024-12-05
2024,Kendric Pryor,PryoKe00,CIN,26.0,WR,1.0,0.0,1.0,1.0,9.0,0.0,,9.0,9.0,0.0,0.0,9.0,0.0,,0.0,0.0,0.0,104.2,2024-12-05
2024,Ronnie Rivers,RiveRo01,LA,25.0,RB,12.0,0.0,1.0,1.0,0.0,0.0,0.0,-7.0,-7.0,7.0,7.0,-7.0,0.0,,0.0,0.0,0.0,79.2,2024-12-05
2024,John Ross,RossJo00,PHI,29.0,WR,1.0,0.0,2.0,1.0,6.0,0.0,1.0,4.0,4.0,2.0,2.0,23.5,0.0,,0.0,0.0,0.0,56.2,2024-12-05
2024,Trenton Scott,ScotTr01,WAS,30.0,T,13.0,1.0,1.0,1.0,1.0,1.0,1.0,1.0,1.0,0.0,0.0,1.0,0.0,,0.0,0.0,0.0,118.7,2024-12-05
2024,John Samuel Shenker,ShenJo00,LV,26.0,TE,5.0,0.0,1.0,1.0,7.0,0.0,,4.0,4.0,3.0,3.0,4.0,0.0,,0.0,0.0,0.0,95.8,2024-12-05
2024,Tyler Smith,SmitTy02,DAL,23.0,OL,11.0,11.0,1.0,1.0,0.0,0.0,,-6.0,-6.0,6.0,6.0,-6.0,0.0,,0.0,0.0,0.0,79.2,2024-12-05
2024,Geoff Swaim,SwaiGe00,CLE,31.0,TE,8.0,2.0,1.0,1.0,7.0,0.0,,2.0,2.0,5.0,5.0,2.0,0.0,,0.0,0.0,0.0,95.8,2024-12-05
2024,Patrick Taylor,TaylPa01,SF,26.0,RB,8.0,0.0,1.0,1.0,12.0,0.0,1.0,3.0,3.0,9.0,9.0,3.0,0.0,,0.0,0.0,0.0,116.7,2024-12-05
2024,Juanyeh Thomas,ThomJu03,DAL,24.0,S,11.0,0.0,1.0,1.0,4.0,0.0,,4.0,4.0,0.0,0.0,4.0,0.0,,0.0,0.0,0.0,83.3,2024-12-05
2024,Brycen Tremayne,TremBr00,WAS,25.0,WR,1.0,0.0,1.0,1.0,-2.0,0.0,,-2.0,-2.0,0.0,0.0,-2.0,0.0,,0.0,0.0,0.0,79.2,2024-12-05
2024,Sione Vaki,VakiSi00,DET,23.0,RB,11.0,0.0,1.0,1.0,17.0,0.0,1.0,15.0,15.0,2.0,2.0,15.0,0.0,,0.0,0.0,0.0,118.7,2024-12-05
2024,Ben VanSumeren,VanSBe00,PHI,24.0,LB,11.0,1.0,1.0,1.0,0.0,0.0,,0.0,0.0,0.0,0.0,0.0,0.0,,0.0,0.0,0.0,79.2,2024-12-05
2024,Casey Washington,WashCa01,ATL,23.0,WR,8.0,0.0,2.0,1.0,14.0,0.0,1.0,3.0,3.0,11.0,11.0,18.0,0.0,,0.0,0.0,0.0,72.9,2024-12-05
2024,Jared Wiley,WileJa00,KC,24.0,TE,7.0,2.0,1.0,1.0,7.0,0.0,,4.0,4.0,3.0,3.0,4.0,0.0,,0.0,0.0,0.0,95.8,2024-12-05
2024,Jaylen Wright,WrigJa04,MIA,21.0,RB,11.0,1.0,3.0,1.0,2.0,0.0,0.0,2.0,2.0,0.0,0.0,0.3,0.0,,0.0,0.0,0.0,42.4,2024-12-05
2024,Shane Zylstra,ZylsSh00,DET,28.0,TE,7.0,1.0,1.0,1.0,22.0,0.0,1.0,9.0,9.0,13.0,13.0,9.0,0.0,,0.0,0.0,0.0,118.7,2024-12-05
2024,Javon Baker,BakeJa00,NE,22.0,WR,8.0,1.0,1.0,0.0,0.0,0.0,,0.0,,0.0,,13.0,0.0,,0.0,0.0,0.0,39.6,2024-12-05
2024,Andrew Beck,BeckAn01,GB,28.0,FB,3.0,0.0,1.0,0.0,0.0,0.0,,0.0,,0.0,,-6.0,0.0,,0.0,0.0,0.0,39.6,2024-12-05
2024,Braxton Berrios,BerrBr00,MIA,29.0,WR,6.0,0.0,4.0,0.0,0.0,0.0,,0.0,,0.0,,6.5,0.0,,0.0,0.0,0.0,39.6,2024-12-05
2024,Irvin Charles,CharIr00,NYJ,27.0,WR,12.0,0.0,1.0,0.0,0.0,0.0,,0.0,,0.0,,3.0,0.0,,0.0,0.0,0.0,39.6,2024-12-05
2024,Taylor Decker,DeckTa00,DET,30.0,T,10.0,10.0,1.0,0.0,0.0,0.0,,0.0,,0.0,,2.0,0.0,,0.0,0.0,0.0,39.6,2024-12-05
2024,Erik Ezukanma,EzukEr00,MIA,24.0,WR,1.0,0.0,2.0,0.0,0.0,0.0,,0.0,,0.0,,29.5,0.0,,0.0,0.0,0.0,39.6,2024-12-05
2024,Sam Franklin,FranSa00,CAR,28.0,S,5.0,0.0,1.0,0.0,0.0,0.0,,0.0,,0.0,,11.0,0.0,,0.0,0.0,0.0,39.6,2024-12-05
2024,Feleipe Franks,FranFe00,CAR,27.0,TE,11.0,0.0,2.0,0.0,0.0,0.0,,0.0,,0.0,,18.5,0.0,,0.0,0.0,0.0,39.6,2024-12-05
2024,CJ Goodwin,GoodC.00,DAL,34.0,CB,12.0,0.0,1.0,0.0,0.0,0.0,,0.0,,0.0,,7.0,0.0,,0.0,0.0,0.0,39.6,2024-12-05
2024,Kameron Johnson,JohnKa01,TB,22.0,WR,4.0,0.0,1.0,0.0,0.0,0.0,,0.0,,0.0,,3.0,0.0,,1.0,1.0,0.0,39.6,2024-12-05
2024,Tom Kennedy,KennTo01,DET,28.0,WR,2.0,0.0,1.0,0.0,0.0,0.0,,0.0,,0.0,,11.0,0.0,,0.0,0.0,0.0,39.6,2024-12-05
2024,Terrace Marshall,MarsTe00,LV,24.0,WR,2.0,0.0,1.0,0.0,0.0,0.0,,0.0,,0.0,,1.0,0.0,,0.0,0.0,0.0,39.6,2024-12-05
2024,Jordan Matthews,MattJo00,CAR,32.0,TE,4.0,1.0,1.0,0.0,0.0,0.0,,0.0,,0.0,,16.0,0.0,,0.0,0.0,0.0,39.6,2024-12-05
2024,Skyy Moore,MoorSk01,KC,24.0,WR,6.0,0.0,3.0,0.0,0.0,0.0,,0.0,,0.0,,6.0,0.0,,2.0,0.667,0.0,39.6,2024-12-05
2024,James Pierre,PierJa01,PIT,28.0,CB,10.0,0.0,1.0,0.0,0.0,0.0,,0.0,,0.0,,14.0,0.0,,1.0,1.0,0.0,39.6,2024-12-05
2024,Adam Prentice,PrenAd00,NO,27.0,FB,12.0,5.0,3.0,0.0,0.0,0.0,,0.0,,0.0,,2.3,0.0,,0.0,0.0,0.0,39.6,2024-12-05
2024,Justyn Ross,RossJu00,KC,25.0,WR,2.0,0.0,1.0,0.0,0.0,0.0,,0.0,,0.0,,10.0,0.0,,0.0,0.0,0.0,39.6,2024-12-05
2024,CJ Stroud,StroCJ00,HOU,23.0,QB,13.0,13.0,1.0,0.0,0.0,0.0,0.0,0.0,,0.0,,10.0,0.0,,0.0,0.0,0.0,39.6,2024-12-05
2024,Stephen Sullivan,SullSt00,CAR,28.0,TE,1.0,0.0,1.0,0.0,0.0,0.0,,0.0,,0.0,,16.0,0.0,,0.0,0.0,0.0,39.6,2024-12-05
2024,Kadarius Toney,ToneKa00,CLE,25.0,WR,2.0,0.0,1.0,0.0,0.0,0.0,,0.0,,0.0,,-5.0,0.0,,0.0,0.0,0.0,39.6,2024-12-05
2024,Xavier Weaver,WeavXa00,ARI,24.0,WR,1.0,0.0,1.0,0.0,0.0,0.0,,0.0,,0.0,,21.0,0.0,,0.0,0.0,0.0,39.6,2024-12-05
2024,Dareke Young,YounDa02,SEA,25.0,WR,9.0,0.0,1.0,0.0,0.0,0.0,,0.0,,0.0,,9.0,0.0,,0.0,0.0,0.0,39.6,2024-12-05
